t,v,i
0,0.4518377,2.157707
7.49400613755306E-11,0.454004,2.160659
1.74860143207313E-10,0.4567357,2.164714
3.74700306870877E-10,0.4616675,2.173105
5.92981214434326E-10,0.466171,2.182574
7.96509165721992E-10,0.4692851,2.191609
1.00478544329084E-09,0.4712515,2.200916
1.21375948525303E-09,0.4718873,2.210124
1.51595693871217E-09,0.4708347,2.222929
1.85957025060869E-09,0.4676838,2.236371
2.36815352212737E-09,0.4613352,2.254311
2.62588769528633E-09,0.4581006,2.262463
2.83132575823025E-09,0.4559586,2.268362
3.02549889353397E-09,0.4545874,2.273623
3.2424077549067E-09,0.4538956,2.279284
3.44426057211642E-09,0.4541849,2.28447
3.73192799236596E-09,0.4560691,2.291939
4.04765424712414E-09,0.4597483,2.300537
4.47640410055475E-09,0.4664586,2.313167
4.91747353174009E-09,0.4740453,2.327266
5.17602301434484E-09,0.4782889,2.336104
5.38068191789455E-09,0.4811795,2.343405
5.57641468165547E-09,0.4833934,2.350527
5.77896242471898E-09,0.4850667,2.35795
5.98329400843919E-09,0.4860682,2.365404
6.23738068252698E-09,0.4863982,2.374493
6.55262962777177E-09,0.4857031,2.385321
6.95797345807373E-09,0.4837508,2.398467
7.24928778149321E-09,0.4820093,2.407315
7.47897683564999E-09,0.4806834,2.413866
7.6840602520619E-09,0.4797478,2.419442
7.88381379008608E-09,0.4791839,2.424684
8.08980783516342E-09,0.479044,2.429954
8.31896016227176E-09,0.479485,2.43574
8.62028739159415E-09,0.4809456,2.443369
8.96744870451871E-09,0.4836366,2.452377
9.41418930527573E-09,0.4880439,2.464451
9.78003610014078E-09,0.491928,2.47478
1.00271279106305E-08,0.4944299,2.482014
1.02523602324645E-08,0.4964198,2.488756
1.04650010182491E-08,0.4979585,2.495188
1.06686530870261E-08,0.499074,2.501359
1.08753676052875E-08,0.4998351,2.507588
1.10833532589234E-08,0.5002117,2.513762
1.13811696298497E-08,0.5002088,2.522366
1.17348396810722E-08,0.4997017,2.532198
1.20611856173256E-08,0.4989798,2.540872
1.22987890969315E-08,0.4984495,2.546919
1.2508802942645E-08,0.4980976,2.552076
1.2712727993119E-08,0.4979375,2.556952
1.29199521117887E-08,0.4980196,2.561806
1.31818923068785E-08,0.4985041,2.56786
1.349120292836E-08,0.4995897,2.574983
1.38671813079679E-08,0.5015214,2.583722
1.43218427054406E-08,0.5043594,2.594497
1.46743900872958E-08,0.506674,2.603038
1.49400278128129E-08,0.5083137,2.609588
1.51905319767577E-08,0.5096469,2.615822
1.54328634789601E-08,0.5106907,2.621863
1.5643049141641E-08,0.5113722,2.627079
1.58474426875628E-08,0.5118256,2.632103
1.60523048016518E-08,0.5120901,2.637067
1.62691917582884E-08,0.5121838,2.642211
1.65921216675082E-08,0.5121053,2.649662
1.68885323795878E-08,0.5119233,2.65629
1.71341698344935E-08,0.511762,2.661608
1.73537574346616E-08,0.5116781,2.666231
1.75757492075837E-08,0.5117118,2.670796
1.78630512788062E-08,0.5119703,2.676588
1.81798639553697E-08,0.5125534,2.682884
1.85637657415476E-08,0.5136451,2.690463
1.89976373641708E-08,0.5152146,2.699052
1.96071756891291E-08,0.5175957,2.7112
1.99353646914368E-08,0.5187894,2.717775
2.02056196159518E-08,0.5196052,2.723187
2.04829522468348E-08,0.5202425,2.728699
2.07613230406308E-08,0.5206809,2.734159
2.10308338734814E-08,0.5209236,2.739345
2.1318138706038E-08,0.5210249,2.744742
2.16125030126361E-08,0.5210235,2.75012
2.18943893611279E-08,0.5209835,2.755116
2.22103829544225E-08,0.5209727,2.760544
2.25610993408291E-08,0.5210802,2.766394
2.29255798539693E-08,0.5213838,2.772319
2.33328852511326E-08,0.5219685,2.778812
2.37871487072412E-08,0.52285,2.785963
2.43689853064495E-08,0.5241158,2.795052
2.47099751231648E-08,0.5248217,2.800341
2.50544058049554E-08,0.5254105,2.805628
2.54140670078817E-08,0.5258472,2.81106
2.57952784045225E-08,0.5261046,2.81668
2.62001543332958E-08,0.5261836,2.822452
2.66452927386054E-08,0.5261315,2.828552
2.70319355423842E-08,0.5260524,2.833631
2.74212524213239E-08,0.5260233,2.838535
2.78704079853569E-08,0.5261179,2.843986
2.83455901284617E-08,0.5263776,2.849567
2.888733564801E-08,0.5268022,2.855742
2.9584189155986E-08,0.5273653,2.863476
2.99858358939392E-08,0.5276059,2.86781
3.03782780569104E-08,0.5277002,2.8719
3.08570615227328E-08,0.5276361,2.876685
3.13700550505066E-08,0.5274043,2.881521
3.20381295215694E-08,0.5269888,2.887411
3.24928559867952E-08,0.5267148,2.89115
3.29878528674413E-08,0.5264882,2.894945
3.35953878523839E-08,0.526305,2.899325
3.42464282339927E-08,0.5261405,2.903732
3.48798122100179E-08,0.5259107,2.907743
3.53903808928464E-08,0.525597,2.910737
3.59608412603414E-08,0.5250777,2.913775
3.65977397784446E-08,0.5243484,2.916749
3.74870860167738E-08,0.523234,2.920276
3.81626526196533E-08,0.5224006,2.922482
3.88933792851193E-08,0.52153,2.924384
3.96561594804563E-08,0.5205905,2.925942
4.02989791964414E-08,0.5196978,2.926896
4.09406513109052E-08,0.5186571,2.927451
4.1756362035207E-08,0.5171596,2.927588
4.26604445285381E-08,0.5153857,2.927088
4.3349749684373E-08,0.514003,2.926198
4.42109658131696E-08,0.5122476,2.924467
4.51322940380939E-08,0.510283,2.922007
4.59024543394447E-08,0.5085036,2.919402
4.67890815505509E-08,0.5062749,2.915722
4.77688832733795E-08,0.5036653,2.910897
4.86453540404135E-08,0.5012505,2.905864
4.96915154028069E-08,0.4982805,2.89899
5.08089245035511E-08,0.4949628,2.890741
5.18056763311686E-08,0.4918125,2.882473
5.3145380770669E-08,0.4873258,2.87003
5.45368813055294E-08,0.482464,2.855662
5.59479166528747E-08,0.4773264,2.839547
5.74159332863613E-08,0.4717158,2.821181
5.88474404964845E-08,0.4659651,2.801675
6.04000629505403E-08,0.4594688,2.778763
6.19947923696835E-08,0.4525537,2.753421
6.36831548251689E-08,0.444926,2.724565
6.56831548251699E-08,0.4355139,2.687944
6.74936354349011E-08,0.4266865,2.652534
0.000000071,0.4088136,2.578151
7.30000000000008E-08,0.3722968,2.566893
7.35259244280013E-08,0.3039999,2.625187
7.38192666581703E-08,0.1908016,2.706195
7.40815930154112E-08,0.01258331,2.792776
7.432151014763E-08,-0.2074248,2.859218
7.45201657355609E-08,-0.4209485,2.897248
7.461352112173E-08,-0.5293293,2.904866
7.48002318940681E-08,-0.7502476,2.897406
7.50000000000018E-08,-0.9761233,2.859783
7.51917374045096E-08,-1.167738,2.784439
7.53352904728577E-08,-1.282062,2.696845
7.5436751323172E-08,-1.339481,2.61722
7.55082738386145E-08,-1.365079,2.552807
7.55590512079707E-08,-1.374764,2.503024
7.55951138414545E-08,-1.377011,2.465476
7.56208825089142E-08,-1.37605,2.437255
7.56425590794666E-08,-1.373391,2.412143
7.56675043725173E-08,-1.368286,2.381112
7.56921326548071E-08,-1.361023,2.347648
7.57188487295704E-08,-1.350304,2.307713
7.57477158522045E-08,-1.334702,2.260185
7.57910052853489E-08,-1.303624,2.182406
7.58360640649799E-08,-1.260143,2.094899
7.59023214067866E-08,-1.175799,1.95733
7.5962566621328E-08,-1.077819,1.825361
7.60234149864116E-08,-0.9585237,1.686713
7.6048064678689E-08,-0.9032837,1.629059
7.60741620717243E-08,-0.8387274,1.566856
7.6101926520149E-08,-0.7649186,1.499873
7.61317055052875E-08,-0.679661,1.427333
7.6166695588052E-08,-0.5711671,1.341552
7.62108528365071E-08,-0.4215291,1.233144
7.62670208444078E-08,-0.2107707,1.096301
7.63410909607948E-08,0.1020324,0.9205284
7.64437627848404E-08,0.5990922,0.6931604
7.65974882197996E-08,1.449906,0.3963377
7.67487391322459E-08,2.386827,0.1678038
7.68915131715683E-08,3.345571,0.02798565
7.70328378420031E-08,4.334155,-0.02924925
7.71756647331084E-08,5.335588,-0.000760736
7.73564714758856E-08,6.55537,0.142203
7.75451701289327E-08,7.723527,0.3875951
7.77320690487182E-08,8.728418,0.6984045
7.79236168890244E-08,9.567424,1.041407
7.81457388057535E-08,10.30522,1.40234
7.84018699473893E-08,10.91893,1.694404
7.86703434209037E-08,11.42157,1.782157
7.90122706288053E-08,12.10085,1.578553
7.9306667229822E-08,12.89751,1.189131
7.95147814257831E-08,13.67314,0.8372786
7.96772578896457E-08,14.43582,0.5665292
7.98306723122231E-08,15.26894,0.3528082
7.99809204137031E-08,16.1632,0.2066387
8.01461522337032E-08,17.19784,0.1279404
8.02972012979034E-08,18.15386,0.1377101
8.04840131130694E-08,19.30242,0.2454646
8.06689238561148E-08,20.36036,0.4246658
8.08626739634152E-08,21.35073,0.6539431
8.10611405476399E-08,22.23548,0.8847386
8.12371657600276E-08,22.91896,1.047986
8.14054857639755E-08,23.50551,1.138039
8.15724846440152E-08,24.06196,1.144256
8.17801526687086E-08,24.76893,1.052308
8.19143171851497E-08,25.26272,0.9393756
8.20541807294527E-08,25.83583,0.7827404
8.22067069845913E-08,26.53693,0.5971724
8.23891255228468E-08,27.47229,0.3859003
8.25555924191209E-08,28.40321,0.2257613
8.26767449707383E-08,29.12229,0.1455774
8.27980300415784E-08,29.8646,0.1062501
8.29131217182934E-08,30.57243,0.1101942
8.30758967131042E-08,31.55921,0.1701458
8.31940173299211E-08,32.253,0.244894
8.32941694206569E-08,32.81579,0.3264305
8.33957883859204E-08,33.35892,0.4152781
8.3511311807597E-08,33.94396,0.5096211
8.36389226002574E-08,34.55806,0.5871295
8.37706690687725E-08,35.17085,0.6170793
8.38980843988394E-08,35.76444,0.5801412
8.40504941859482E-08,36.49881,0.4640892
8.41337719333612E-08,36.92199,0.3735982
8.420383666647E-08,37.29846,0.2853876
8.42714886339026E-08,37.67934,0.1990746
8.43416598980267E-08,38.09116,0.1146859
8.44103287155867E-08,38.50896,0.0425626
8.44794314221488E-08,38.94183,-0.01475492
8.4548773870226E-08,39.38525,-0.05302311
8.46223752760052E-08,39.86088,-0.06788721
8.47268772000668E-08,40.53454,-0.04855748
8.48267335426693E-08,41.16708,0.007089166
8.49151118829159E-08,41.70887,0.08396273
8.50061755583286E-08,42.24349,0.1803173
8.50902984872273E-08,42.7128,0.2735962
8.51888371435438E-08,43.2327,0.3733895
8.53006609920205E-08,43.79245,0.4563987
8.54305922035387E-08,44.41956,0.4944133
8.55787684317942E-08,45.13316,0.4566691
8.57207231402024E-08,45.83846,0.3523367
8.58070551720815E-08,46.28983,0.2622996
8.58826207001663E-08,46.70629,0.1752891
8.59609019493622E-08,47.15694,0.08955371
8.60358907975112E-08,47.60431,0.01923263
8.6103543192211E-08,48.01888,-0.02875557
8.61658915311661E-08,48.4075,-0.05565899
8.62349710484664E-08,48.84132,-0.06510162
8.62980267385405E-08,49.23604,-0.05340796
8.63888464227348E-08,49.79662,-0.007818699
8.6471200512469E-08,50.29179,0.05547803
8.6555058500812E-08,50.77719,0.1359384
8.66439413137869E-08,51.27015,0.2272636
8.67149086627108E-08,51.64766,0.2975189
8.6770003661871E-08,51.93029,0.3457131
8.6822171078928E-08,52.19057,0.382892
8.68744715112473E-08,52.44628,0.4102807
8.69248115258782E-08,52.68894,0.425332
8.69868543102065E-08,52.98613,0.4269179
8.70689000890958E-08,53.38115,0.4039406
8.71531247639852E-08,53.7953,0.3535781
8.72537729718318E-08,54.30867,0.2668514
8.73518041480464E-08,54.8311,0.1687913
8.74269866698248E-08,55.24907,0.09297709
8.74859724676079E-08,55.58839,0.03943236
8.75437965967801E-08,55.92926,-0.003394699
8.76018301273335E-08,56.27713,-0.03427588
8.76603677307615E-08,56.63158,-0.04972817
8.77447959293451E-08,57.14269,-0.04377378
8.78570816543237E-08,57.81401,0.001963538
8.7940528418403E-08,58.29969,0.06034667
8.80278342237088E-08,58.78888,0.137506
8.81139773378249E-08,59.25266,0.2170877
8.81792861860287E-08,59.59098,0.2730454
8.82419109027983E-08,59.90496,0.3174618
8.83046655914305E-08,60.21189,0.3481997
8.83858120927498E-08,60.60259,0.3633871
8.84916604061607E-08,61.11087,0.3483622
8.85648713749557E-08,61.46635,0.3152663
8.86248037830622E-08,61.76345,0.2735673
8.86788104941629E-08,62.03777,0.2282789
8.87312169825458E-08,62.3108,0.1804464
8.87842035096414E-08,62.59446,0.1315259
8.88539303570893E-08,62.97783,0.07080175
8.89152927464445E-08,63.32334,0.02440076
8.89711455919525E-08,63.64402,-0.008433042
8.90271366801629E-08,63.96964,-0.02993219
8.90864694026003E-08,64.31688,-0.03925039
8.91464199687826E-08,64.66759,-0.03434514
8.92074661010804E-08,65.02189,-0.01466876
8.92779988556745E-08,65.4247,0.02345726
8.93510809325468E-08,65.83215,0.07541703
8.94246310488006E-08,66.2294,0.1349505
8.95070116681589E-08,66.65792,0.2010604
8.9604479403705E-08,67.14559,0.2659892
8.97107418495927E-08,67.66027,0.3071414
8.98324284906725E-08,68.24177,0.3057589
8.99800458837437E-08,68.95395,0.2481063
9.00614037267933E-08,69.35739,0.1942739
9.01294313105798E-08,69.70605,0.1402185
9.01928840344628E-08,70.04045,0.0899878
9.02497842105213E-08,70.3474,0.04910329
9.03048172954627E-08,70.64989,0.01642459
9.0361423598956E-08,70.96528,-0.008072041
9.041608278061E-08,71.27235,-0.0212596
9.04759095073499E-08,71.60905,-0.02195698
9.05594225461228E-08,72.07619,-0.002898348
9.06355546903721E-08,72.49585,0.03126724
9.07038802808951E-08,72.86409,0.07380389
9.07735910738431E-08,73.22946,0.1235934
9.084827911982E-08,73.60863,0.1769795
9.09366135308203E-08,74.04236,0.2311222
9.10335562776022E-08,74.50464,0.2693404
9.11462924933845E-08,75.03366,0.2771564
9.12799444358031E-08,75.66224,0.2426802
9.13576779434594E-08,76.03486,0.2024188
9.14322612110202E-08,76.40205,0.1524792
9.14994216976818E-08,76.74122,0.1054777
9.15583206130728E-08,77.04549,0.0665336
9.16116675576579E-08,77.32624,0.03620302
9.16686654531326E-08,77.63039,0.01111793
9.17214657894471E-08,77.91471,-0.003965201
9.17748380703157E-08,78.2034,-0.01011505
9.18273107568712E-08,78.48653,-0.005510005
9.1922700877475E-08,78.99599,0.02291056
9.20092621765548E-08,79.44943,0.06435897
9.20887309180108E-08,79.85424,0.1122261
9.21714991635593E-08,80.26252,0.1634658
9.22632699838792E-08,80.70078,0.2115731
9.2365060335885E-08,81.17393,0.2438553
9.24808476788317E-08,81.70477,0.2474613
9.25959661072561E-08,82.23515,0.2170962
9.27045473498522E-08,82.74545,0.1644255
9.27836417632136E-08,83.12711,0.1177822
9.28504533378172E-08,83.45763,0.07829665
9.29103431198852E-08,83.7597,0.04710215
9.29672365646236E-08,84.05075,0.02386536
9.30241153157935E-08,84.34446,0.008518485
9.30788267663159E-08,84.62826,0.001981068
9.31284038224061E-08,84.88533,0.003885849
9.31869646783997E-08,85.18736,0.01526451
9.32495161914954E-08,85.50654,0.03634188
9.33136147805079E-08,85.8284,0.06557926
9.33791248040679E-08,86.15034,0.1004417
9.34585530867141E-08,86.53076,0.1438555
9.35433854087317E-08,86.92592,0.1844786
9.36418965108631E-08,87.37331,0.2159976
9.3749629556438E-08,87.85542,0.223729
9.3887294042294E-08,88.47189,0.1973742
9.39851656052395E-08,88.91644,0.1587544
9.40464300402522E-08,89.20045,0.1275059
9.41002676572814E-08,89.45481,0.09875944
9.41545764714444E-08,89.71549,0.07140694
9.42094507759703E-08,89.98258,0.04767425
9.42734305942805E-08,90.29748,0.02673212
9.43330266633439E-08,90.5929,0.01532071
9.43977007072183E-08,90.91426,0.01275449
9.44565715251611E-08,91.20573,0.01963975
9.45279650684837E-08,91.55601,0.03830521
9.45909118902364E-08,91.86064,0.06190473
9.46487166585868E-08,92.13558,0.08807299
9.47076436048527E-08,92.41033,0.1165226
9.47787450963379E-08,92.73464,0.1492549
9.48612599681077E-08,93.10262,0.1800371
9.49574813871917E-08,93.52355,0.2004141
9.50692246519624E-08,94.00848,0.1981053
9.52251907275815E-08,94.68893,0.1608204
9.53030217171866E-08,95.03387,0.1305503
9.53563570858704E-08,95.27467,0.1059688
9.5406403728553E-08,95.504,0.08317351
9.54572962454044E-08,95.74008,0.06200924
9.55086385590413E-08,95.98077,0.04417492
9.55662668474741E-08,96.25317,0.03009654
9.56408815696406E-08,96.60745,0.02157902
9.57112275861349E-08,96.94098,0.02447615
9.57988803966886E-08,97.35332,0.04144435
9.5869646398288E-08,97.68147,0.06372494
9.59428881011382E-08,98.01453,0.09251531
9.60204053768515E-08,98.35914,0.1241001
9.61107510140018E-08,98.75127,0.1560766
9.6209931920257E-08,99.17276,0.1782132
9.63270263348658E-08,99.6646,0.1807912
9.64760049905479E-08,100.291,0.1548881
9.65495314540741E-08,100.604,0.1314593
9.66200734233805E-08,100.9095,0.1038092
9.66903159021756E-08,101.2183,0.07669619
9.67573651964573E-08,101.5172,0.05413675
9.68203611113214E-08,101.8009,0.03841744
9.68902239261955E-08,102.1174,0.02868083
9.69539703505943E-08,102.4061,0.02857897
9.70551927425434E-08,102.8613,0.04303578
9.71497687066622E-08,103.2799,0.06803714
9.72549261001024E-08,103.7346,0.1034274
9.73528568214756E-08,104.1471,0.1350051
9.74607126035272E-08,104.5907,0.1593482
9.75726942358207E-08,105.0445,0.1658719
9.77113947975548E-08,105.6053,0.1495131
9.77979301731708E-08,105.9582,0.1274131
9.78786027997495E-08,106.2923,0.1007451
9.79579393258677E-08,106.6258,0.07448637
9.80345857688511E-08,106.9524,0.05294783
9.8109058981953E-08,107.2727,0.03884543
9.81907188954576E-08,107.6252,0.03296971
9.82695893230144E-08,107.9645,0.03789674
9.83756502747531E-08,108.4156,0.05771573
9.84721218763242E-08,108.8179,0.08376388
9.85811344000466E-08,109.2618,0.1156011
9.86804931773321E-08,109.6569,0.1387205
9.87961685459351E-08,110.1086,0.151089
9.89185561670671E-08,110.5836,0.1444473
9.90560550653037E-08,111.1201,0.1177149
9.91461558908062E-08,111.4763,0.0931178
9.92245460061483E-08,111.791,0.07086582
9.9303040977925E-08,112.1099,0.05236545
9.93838758194683E-08,112.4407,0.04030114
9.94700616623546E-08,112.7942,0.03710072
9.95616871811824E-08,113.1681,0.04442378
9.96476343879517E-08,113.5146,0.05997609
9.97399581868194E-08,113.8801,0.0824661
9.98499845141494E-08,114.3062,0.1098839
9.99534856968375E-08,114.6983,0.1293374
1.0007375200782E-07,115.1468,0.1376578
1.00203285141645E-07,115.6274,0.1289219
1.00308704748422E-07,116.0203,0.1099052
1.00387601575397E-07,116.3176,0.09074605
1.00464041743164E-07,116.6091,0.07165425
1.00542851135363E-07,116.9128,0.05485538
1.00623377376905E-07,117.2252,0.04335774
1.00708708408618E-07,117.557,0.03931735
1.00801446671194E-07,117.9161,0.0443447
1.00884316442233E-07,118.2337,0.05629943
1.00972309538817E-07,118.5655,0.07431965
1.01078965399847E-07,118.9598,0.09766038
1.01178837224873E-07,119.3216,0.1153522
1.01296551310331E-07,119.7409,0.1252209
1.01422516945301E-07,120.1865,0.1205707
1.01552321189044E-07,120.6466,0.1020454
1.01635515037006E-07,120.9442,0.08505166
1.01709514821835E-07,121.2118,0.06902129
1.01785997155031E-07,121.4907,0.0547411
1.01865395068737E-07,121.7821,0.04459246
1.01949532986657E-07,122.0913,0.04062475
1.02040367662301E-07,122.4239,0.04431922
1.02125908693007E-07,122.7341,0.05457757
1.0221548775209E-07,123.0539,0.07017593
1.02323940590705E-07,123.4338,0.09054983
1.02424727568715E-07,123.7801,0.1058346
1.02543939465474E-07,124.1831,0.1141532
1.02671614799517E-07,124.6117,0.1096817
1.02798904350159E-07,125.0396,0.09362886
1.02883472866838E-07,125.3261,0.07859302
1.0296094422892E-07,125.591,0.06425472
1.03042836326976E-07,125.8731,0.05176696
1.03136694595915E-07,126.198,0.04302334
1.032254534962E-07,126.5047,0.04206289
1.03345184756832E-07,126.9155,0.05065759
1.0343641279813E-07,127.2242,0.06285697
1.03533456634669E-07,127.5465,0.0785298
1.03647495534324E-07,127.9182,0.09466095
1.03760119825002E-07,128.2791,0.1032384
1.03896005033734E-07,128.7105,0.100522
1.04061738479876E-07,129.2368,0.08318683
1.04159674672316E-07,129.55,0.06841079
1.04241808291378E-07,129.8149,0.05600112
1.0433158517591E-07,130.1061,0.04609261
1.04430981631633E-07,130.4288,0.04161946
1.04540809632331E-07,130.7835,0.04508372
1.04654418691713E-07,131.146,0.05620111
1.04759589661052E-07,131.4757,0.07025773
1.04872349997869E-07,131.8223,0.08451164
1.04991390054236E-07,132.1818,0.09353979
1.05120419535488E-07,132.5672,0.09282636
1.05281339782193E-07,133.0468,0.07970095
1.05373690748694E-07,133.3232,0.06791616
1.05457497098643E-07,133.5758,0.05651294
1.05551394414343E-07,133.8603,0.04656297
1.05658374013046E-07,134.1849,0.04102621
1.05765353377035E-07,134.5076,0.04312192
1.05917103066771E-07,134.9592,0.05560797
1.06039628219758E-07,135.3168,0.06924124
1.06157268895191E-07,135.653,0.08068946
1.06281729786729E-07,136.0029,0.0859724
1.06417167728102E-07,136.3804,0.0819854
1.06557937255745E-07,136.7725,0.06951058
1.06655057515957E-07,137.0443,0.05821714
1.06745452618666E-07,137.2986,0.04843199
1.06847259847894E-07,137.5859,0.04124059
1.06955444940909E-07,137.8904,0.039708
1.07080198315753E-07,138.2386,0.04512453
1.07173689076916E-07,138.496,0.05316897
1.07274392465808E-07,138.7682,0.06336573
1.07402797851657E-07,139.1091,0.07396618
1.07522233573837E-07,139.4212,0.07786623
1.07671065401629E-07,139.8067,0.07333511
1.07806702838892E-07,140.1577,0.0625127
1.07902993091621E-07,140.4077,0.05273943
1.07994860976739E-07,140.6471,0.04451999
1.08110019350831E-07,140.9476,0.03838665
1.08215744260933E-07,141.222,0.03834018
1.08361194865751E-07,141.5953,0.04565569
1.08469378103093E-07,141.8682,0.05432925
1.08579609183975E-07,142.1408,0.06326229
1.08707092427145E-07,142.4506,0.06959182
1.08838355113137E-07,142.7656,0.06909119
1.09008344094267E-07,143.1713,0.05985663
1.09103366011685E-07,143.3982,0.05192743
1.09190597181994E-07,143.6071,0.04438806
1.09291134576132E-07,143.8482,0.03805475
1.09403074636207E-07,144.1158,0.03550123
1.09528941272481E-07,144.4143,0.0383089
1.09636003509435E-07,144.6646,0.04456289
1.09740999631241E-07,144.9057,0.05231984
1.09860834863717E-07,145.1758,0.05979389
1.09987769276476E-07,145.4571,0.06317084
1.10132810354508E-07,145.7751,0.06016123
1.10277784168302E-07,146.0917,0.05158297
1.10378381366648E-07,146.3114,0.04398512
1.1047413916931E-07,146.5209,0.03769355
1.1059392816407E-07,146.7825,0.03333195
1.10706944169332E-07,147.0272,0.03390738
1.1086810578698E-07,147.371,0.04076187
1.10991972676707E-07,147.63,0.04810481
1.11113772506213E-07,147.8791,0.05421176
1.1124653264461E-07,148.146,0.05645681
1.1139158247653E-07,148.4343,0.05306533
1.11514602304406E-07,148.6778,0.04635273
1.11611441449798E-07,148.8693,0.03989521
1.11711389451093E-07,149.067,0.03422467
1.11833630066774E-07,149.308,0.03047551
1.11949949714258E-07,149.535,0.03115983
1.1211583850446E-07,149.8534,0.03743577
1.12244419058061E-07,150.0949,0.04390184
1.12369114319159E-07,150.3237,0.04880676
1.1250421164858E-07,150.5673,0.04991435
1.12654752473625E-07,150.8357,0.04601559
1.12756597291157E-07,151.0163,0.04087882
1.12852442778022E-07,151.186,0.03527224
1.12957590266584E-07,151.3719,0.0302615
1.13081118566905E-07,151.5891,0.02733731
1.13201003680626E-07,151.7976,0.0282566
1.13348111820261E-07,152.0488,0.03325931
1.13470521441413E-07,152.2534,0.03863506
1.1359479222986E-07,152.4562,0.04287782
1.13729654884344E-07,152.6721,0.0439035
1.13880901447636E-07,152.9112,0.04056628
1.13987871224263E-07,153.0791,0.03589979
1.14083313579159E-07,153.2284,0.0310536
1.14187769349839E-07,153.3913,0.02673073
1.1431276360404E-07,153.5849,0.02416444
1.14433311587992E-07,153.7692,0.02494675
1.14578051128173E-07,153.9862,0.02916067
1.14699499572268E-07,154.164,0.03371392
1.14823804199495E-07,154.3416,0.0373074
1.14958903659814E-07,154.5306,0.03811236
1.15110658422778E-07,154.7397,0.03513311
1.15216935309758E-07,154.8849,0.03107743
1.15312639046397E-07,155.015,0.02684629
1.15417410412019E-07,155.1566,0.0230792
1.15542364685076E-07,155.3241,0.02085026
1.1566326290635E-07,155.4838,0.02150597
1.15805565207068E-07,155.6677,0.02503533
1.15925949037661E-07,155.8193,0.02888247
1.16049675074797E-07,155.971,0.03192297
1.16184223924829E-07,156.1321,0.03258171
1.16335179770051E-07,156.3097,0.02999011
1.16442539542362E-07,156.4346,0.02642254
1.16537516909441E-07,156.5443,0.02275659
1.16640824956973E-07,156.6627,0.01948188
1.16765140835267E-07,156.8038,0.01745047
1.1688405295678E-07,156.9363,0.01789176
1.17030423493791E-07,157.0955,0.0209073
1.17151885383135E-07,157.2238,0.02418414
1.1727389918117E-07,157.3488,0.02672886
1.17407294717761E-07,157.4818,0.02727605
1.17555321801346E-07,157.6264,0.02507646
1.17664601775305E-07,157.7316,0.02192397
1.17759090943673E-07,157.8216,0.01873312
1.17859325371632E-07,157.9161,0.01589903
1.17981988117614E-07,158.0303,0.01398738
1.18096107208585E-07,158.1343,0.01419936
1.18261996437713E-07,158.2809,0.01698379
1.18389699736332E-07,158.3899,0.01982345
1.18510067829795E-07,158.4889,0.02183707
1.18641480989151E-07,158.5935,0.02210021
1.18787024005721E-07,158.7064,0.0200625
1.18888026590658E-07,158.7834,0.01747432
1.1898065544729E-07,158.8531,0.0147153
1.19077070801692E-07,158.9246,0.01226984
1.19195877983542E-07,159.0113,0.01047456
1.19302852107951E-07,159.0875,0.01039903
1.19451105839434E-07,159.1896,0.01224317
1.19562388194286E-07,159.2634,0.01437432
1.19671118598774E-07,159.3324,0.01630068
1.19797079818822E-07,159.4093,0.01733189
1.19924429444868E-07,159.4841,0.0165278
1.20104100832442E-07,159.5864,0.01312656
1.20210916887351E-07,159.6457,0.01049105
1.20296153792667E-07,159.692,0.008515648
1.20388374045776E-07,159.7411,0.007087367
1.20490879237468E-07,159.7942,0.006607173
1.20608174317648E-07,159.853,0.00732207
1.20695007633302E-07,159.8947,0.008553945
1.20785030921727E-07,159.9361,0.01014003
1.20890179930412E-07,159.9821,0.01173158
1.21002525356824E-07,160.0289,0.0125521
1.21127041858781E-07,160.0781,0.01198893
1.21284321351078E-07,160.1376,0.009583347
1.21374123609057E-07,160.1703,0.007638443
1.21448126191392E-07,160.1965,0.005943742
1.21524972911758E-07,160.2231,0.004451462
1.21606312277899E-07,160.2504,0.003383641
1.21693417981368E-07,160.2785,0.002950174
1.21784888145456E-07,160.3069,0.003247912
1.21861058943023E-07,160.3292,0.004014212
1.21940193097521E-07,160.3511,0.005138436
1.22030526689815E-07,160.3745,0.006469027
1.2212555872311E-07,160.3973,0.007550589
1.2222825846813E-07,160.42,0.007991679
1.22342146372943E-07,160.4431,0.00736418
1.22496865612042E-07,160.4719,0.005180086
1.22577671254059E-07,160.486,0.003627988
1.22635724989706E-07,160.4955,0.002424632
1.22688733055078E-07,160.5038,0.001409217
1.22742778291714E-07,160.512,0.0005330644
1.22797140597769E-07,160.5199,-0.0001337737
1.22852433391042E-07,160.5274,-0.0005503673
1.2291127965372E-07,160.5349,-0.0006746636
1.22985516191376E-07,160.5436,-0.000439214
1.23044581681071E-07,160.5499,0.00001386639
1.23096535209146E-07,160.5548,0.0005855007
1.23149119726172E-07,160.5592,0.001255503
1.23197270990957E-07,160.5627,0.001885678
1.23259097029773E-07,160.5665,0.002626705
1.2332675382136E-07,160.5698,0.003239063
1.23408260434267E-07,160.5727,0.003578893
1.23496439535644E-07,160.5745,0.00335268
1.23609810453028E-07,160.5754,0.002308666
1.23675383477174E-07,160.5752,0.001364356
1.23734208596408E-07,160.5745,0.0003280576
1.23790580036917E-07,160.5735,-0.0007124043
1.23847694282572E-07,160.572,-0.001731333
1.23903184292793E-07,160.5703,-0.002616607
1.23958730424445E-07,160.5681,-0.003316505
1.24036676905441E-07,160.5643,-0.00391861
1.24130890804777E-07,160.5587,-0.004129649
1.24198567974052E-07,160.5538,-0.003924327
1.24254841723588E-07,160.5491,-0.003524645
1.24303471901065E-07,160.5445,-0.003064547
1.24346936817177E-07,160.5401,-0.00260177
1.24390670673946E-07,160.5352,-0.002124911
1.2443530824101E-07,160.5298,-0.001665524
1.2448639551057E-07,160.5231,-0.001223287
1.24550392029544E-07,160.5141,-0.0008425361
1.2461418892705E-07,160.5045,-0.0006973792
1.24675663980227E-07,160.4946,-0.0008399023
1.24754460837077E-07,160.481,-0.001393475
1.24825518063881E-07,160.4681,-0.002188761
1.2489291242479E-07,160.4553,-0.003156072
1.24963115375569E-07,160.4413,-0.004265092
1.25046979923552E-07,160.4239,-0.005542388
1.25139121710791E-07,160.4037,-0.006670709
1.25247671998419E-07,160.3783,-0.007409783
1.25377273855074E-07,160.3461,-0.007487016
1.25469128988613E-07,160.3217,-0.007056241
1.25547087142942E-07,160.2996,-0.006445393
1.25625975249137E-07,160.2761,-0.005795456
1.2571028848971E-07,160.2497,-0.005258922
1.25804575777997E-07,160.2188,-0.005014214
1.25897847729954E-07,160.1867,-0.005285847
1.26033934253328E-07,160.1378,-0.006433965
1.26140026428903E-07,160.0981,-0.007730672
1.26251100033573E-07,160.055,-0.009181297
1.26378968714288E-07,160.0034,-0.01047624
1.26510668231136E-07,159.9478,-0.01103337
1.26685488237684E-07,159.8704,-0.01073413
1.26779368269447E-07,159.8269,-0.01022489
1.26880966297987E-07,159.7776,-0.00962086
1.27002307765152E-07,159.7166,-0.009268803
1.2713174589685E-07,159.6488,-0.009597403
1.27302289175652E-07,159.5562,-0.01096099
1.27420750372833E-07,159.4899,-0.01227066
1.27551398515024E-07,159.4143,-0.01361945
1.27711065557151E-07,159.3189,-0.01454097
1.27885246086139E-07,159.211,-0.01456499
1.28143551497437E-07,159.042,-0.01354665
1.28293784626854E-07,158.9384,-0.01346001
1.28454471216207E-07,158.824,-0.01422205
1.28642797850327E-07,158.6858,-0.01588516
1.28805524754649E-07,158.5627,-0.0173048
1.29005821121446E-07,158.4063,-0.01823167
1.2919654932288E-07,158.2526,-0.01814699
1.29347284201781E-07,158.127,-0.01768813
1.2950235739933E-07,157.9937,-0.01748781
1.29697034700909E-07,157.8212,-0.01815904
1.29934027350738E-07,157.6051,-0.01990897
1.30120307640281E-07,157.4302,-0.02122701
1.30363582234382E-07,157.1947,-0.02195785
1.30759838575754E-07,156.7938,-0.02153999
1.30980984747597E-07,156.5594,-0.02209971
1.3140518317052E-07,156.0932,-0.02486062
1.31649966172368E-07,155.8132,-0.02565655
1.31904421851101E-07,155.5144,-0.02558063
1.32105504916433E-07,155.2711,-0.02557837
1.32403000343784E-07,154.901,-0.02661178
1.32674149016936E-07,154.5551,-0.02820321
1.32920098883553E-07,154.2329,-0.02925143
1.33481227547107E-07,153.4682,-0.02963802
1.33823094746708E-07,152.9819,-0.03078411
1.34130899086318E-07,152.5328,-0.03234049
1.34425361856458E-07,152.0918,-0.03325475
1.34762571814846E-07,151.5739,-0.03345988
1.35043394446583E-07,151.1312,-0.0339283
1.35404944713058E-07,150.5471,-0.03545381
1.35736827629202E-07,149.9977,-0.03674297
1.36524965649514E-07,148.6405,-0.03802792
1.36948238118407E-07,147.8819,-0.03952359
1.37374845602663E-07,147.0971,-0.04091024
1.37835009201261E-07,146.2281,-0.04163401
1.38259736024129E-07,145.4048,-0.04256683
1.38737024493093E-07,144.4566,-0.04423394
1.39171261123105E-07,143.5731,-0.04529672
1.39670553084592E-07,142.5317,-0.04610022
1.40729497050226E-07,140.2391,-0.04901998
1.41419659432849E-07,138.686,-0.05030799
1.42704233052813E-07,135.6756,-0.05345474
1.4360037007772E-07,133.4864,-0.05518897
1.44478543537642E-07,131.2806,-0.05714737
1.45294109301562E-07,129.1702,-0.05889313
1.47747882256213E-07,122.5273,-0.06356577
1.50284861315384E-07,115.2563,-0.06794297
1.51735801265134E-07,110.9315,-0.07031663
1.53735801265135E-07,104.8249,-0.07321363
1.55735801265136E-07,98.59014,-0.07598268
1.57735801265137E-07,92.25447,-0.07847972
1.59735801265138E-07,85.85921,-0.08093461
1.61735801265139E-07,79.44611,-0.08332331
1.6373580126514E-07,73.0574,-0.08593684
1.65735801265141E-07,66.73608,-0.08894188
1.67735801265142E-07,60.52586,-0.09264506
1.69735801265143E-07,54.4716,-0.09745184
1.71735801265144E-07,48.61886,-0.1035694
1.73735801265145E-07,43.0138,-0.1114364
1.75735801265146E-07,37.6825,-0.1209349
1.77287674897059E-07,33.7431,-0.1354679
1.77867162188419E-07,32.34388,-0.1535712
1.7826869161032E-07,31.42245,-0.177853
1.78580067187904E-07,30.73968,-0.1991793
1.78868287778504E-07,30.13114,-0.2149059
1.79107075459176E-07,29.64079,-0.2228872
1.79364566782805E-07,29.12296,-0.2270988
1.79681529803641E-07,28.49598,-0.2300018
1.79972473224851E-07,27.93016,-0.2330476
1.80282850508242E-07,27.33789,-0.2372843
1.80577646422958E-07,26.78664,-0.2407601
1.80921809451472E-07,26.15545,-0.242163
1.81277293345631E-07,25.51298,-0.2404562
1.81463920595391E-07,25.17913,-0.2383441
1.81631073365779E-07,24.88226,-0.2360064
1.81825278732296E-07,24.53934,-0.2335018
1.8204338691842E-07,24.15714,-0.2315137
1.82327968191829E-07,23.66382,-0.2305067
1.82612488788968E-07,23.17785,-0.2311032
1.82916450729265E-07,22.6684,-0.2327732
1.83248647361962E-07,22.12333,-0.2343625
1.83601386714483E-07,21.55757,-0.2344095
1.8404822991875E-07,20.8575,-0.2318902
1.84600700791487E-07,20.01284,-0.2273551
1.85165856589827E-07,19.17351,-0.2240419
1.85754026522406E-07,18.33105,-0.222946
1.86346556494E-07,17.51609,-0.2222888
1.86874944537243E-07,16.81971,-0.2198475
1.87525578195226E-07,15.9954,-0.2143652
1.88045846407327E-07,15.3609,-0.2096866
1.88604174854978E-07,14.70881,-0.2057018
1.89239867647681E-07,14.00102,-0.2018935
1.89862187933178E-07,13.34336,-0.1972185
1.90454233639651E-07,12.75334,-0.1910576
1.913234020757E-07,11.94181,-0.1808058
1.92221507919941E-07,11.16395,-0.1706826
1.93037465909969E-07,10.5213,-0.1613226
1.94057411722408E-07,9.798388,-0.1477314
1.949927201181E-07,9.203161,-0.1336657
1.9573220329656E-07,8.785245,-0.1223305
1.96549637457441E-07,8.377564,-0.1098542
1.97294379066193E-07,8.054494,-0.09775194
1.98532233993484E-07,7.606708,-0.07570621
1.9927565216194E-07,7.404507,-0.0621888
1.99999999999998E-07,7.238875,-0.05583374
2.00212607183101E-07,7.202015,-0.06595162
2.00306466203497E-07,7.192067,-0.07917183
2.00380482865759E-07,7.188918,-0.09440112
2.00451914864015E-07,7.190795,-0.1114149
2.005680943352E-07,7.203843,-0.1413474
2.00709753004038E-07,7.236206,-0.1774363
2.00917251045725E-07,7.311847,-0.2221861
2.01139693072424E-07,7.420024,-0.2496575
2.01405324681676E-07,7.565402,-0.244743
2.01705823438399E-07,7.723122,-0.1966691
2.01851345094601E-07,7.788045,-0.1570628
2.01914812128187E-07,7.810794,-0.1342322
2.0194805605927E-07,7.820295,-0.1182524
2.01999999999999E-07,7.832172,-0.08537573
2.02020125020739E-07,7.835639,-0.06899873
2.02036055742924E-07,7.837492,-0.05315196
2.02048045799221E-07,7.838376,-0.03967964
2.02059589106089E-07,7.838734,-0.02535789
2.02072842123879E-07,7.83859,-0.007526974
2.02082880461519E-07,7.838043,0.007020925
2.02093158082904E-07,7.836905,0.02324749
2.02112286882154E-07,7.832951,0.05743243
2.02150544480655E-07,7.817028,0.1411103
2.02220149359133E-07,7.76967,0.3256781
2.02245917697036E-07,7.744596,0.4058415
2.02273395431598E-07,7.708414,0.5027931
2.02304021886265E-07,7.657793,0.6164039
2.02334648340933E-07,7.597299,0.7296347
2.023652747956E-07,7.526931,0.8424857
2.02395901250267E-07,7.44669,0.9549568
2.02426527704935E-07,7.356575,1.067048
2.02457154159602E-07,7.256587,1.178759
2.02487780614269E-07,7.146725,1.290091
2.02586872503003E-07,6.727048,1.634529
2.02650836403172E-07,6.406227,1.844985
2.02714056730037E-07,6.054033,2.042408
2.02781927779188E-07,5.637856,2.240782
2.02849517563126E-07,5.186951,2.422778
2.02923702357389E-07,4.653776,2.603029
2.03000665283124E-07,4.063401,2.766922
2.03085999370905E-07,3.370765,2.919289
2.03177588976986E-07,2.591744,3.046637
2.03282213335767E-07,1.669519,3.144349
2.03400269711935E-07,0.6071919,3.191882
2.03541981507106E-07,-0.6661825,3.16099
2.03712629032012E-07,-2.140073,3.000414
2.03934202881643E-07,-3.843788,2.609451
2.04242631217889E-07,-5.70996,1.826245
2.0453409547518E-07,-6.848207,0.9240637
2.04751347036992E-07,-7.17629,0.1970859
2.0496126224659E-07,-7.021573,-0.4906703
2.05173112753213E-07,-6.500324,-1.133212
2.05273202299067E-07,-6.126488,-1.406535
2.05341643711398E-07,-5.812091,-1.574488
2.05396019768796E-07,-5.535793,-1.69661
2.05451974586408E-07,-5.230058,-1.811431
2.05514954225609E-07,-4.864636,-1.928158
2.05577565581027E-07,-4.480957,-2.030209
2.05651317452614E-07,-4.005259,-2.130643
2.05747993848649E-07,-3.355316,-2.235443
2.05814501624494E-07,-2.893621,-2.288289
2.05884591887986E-07,-2.395735,-2.322682
2.05971324074367E-07,-1.772382,-2.340338
2.06050880467558E-07,-1.199586,-2.330716
2.06162456548049E-07,-0.4018289,-2.28274
2.06222725527926E-07,0.02226558,-2.240131
2.06284803911121E-07,0.4488885,-2.180134
2.06356230747928E-07,0.9253403,-2.095634
2.06432885548118E-07,1.417584,-1.988796
2.06501161289894E-07,1.837591,-1.88078
2.06548861571343E-07,2.117899,-1.797691
2.06596553892928E-07,2.385006,-1.7082
2.06652044134185E-07,2.680109,-1.597594
2.06709088233336E-07,2.96491,-1.47734
2.06774120045279E-07,3.264333,-1.332784
2.0685079033969E-07,3.581179,-1.153837
2.06944632721184E-07,3.911743,-0.9249652
2.07069596405089E-07,4.247037,-0.6099485
2.07251240514663E-07,4.527028,-0.1495336
2.07491175702084E-07,4.577248,0.434434
2.07708570614201E-07,4.318976,0.9077245
2.07935438344396E-07,3.759608,1.307392
2.08178237049196E-07,2.928427,1.606607
2.08420356605039E-07,1.954558,1.761392
2.08649568090792E-07,0.98397,1.773724
2.08854792924579E-07,0.1473159,1.676353
2.09073544733753E-07,-0.6455988,1.478029
2.09282996174323E-07,-1.254113,1.22006
2.09532445453546E-07,-1.748976,0.8617321
2.0977790903174E-07,-1.989485,0.4941471
2.09993133256935E-07,-1.982464,0.1883742
2.10215814522631E-07,-1.779286,-0.08571436
2.10416606673255E-07,-1.453228,-0.2755358
2.1065452363827E-07,-0.9433823,-0.4191817
2.10864221601478E-07,-0.4334269,-0.470865
2.11052323498692E-07,0.03956279,-0.4506685
2.11244687837709E-07,0.5004988,-0.3697953
2.11442362594589E-07,0.9166438,-0.2337299
2.11654033804964E-07,1.266506,-0.04239476
2.11884720789253E-07,1.517238,0.1987769
2.12093484791154E-07,1.608799,0.428209
2.12323607730216E-07,1.55645,0.6720654
2.12554629040232E-07,1.360964,0.8858891
2.12803211118429E-07,1.019639,1.062107
2.13054619793574E-07,0.5840355,1.174879
2.13251980600908E-07,0.2068617,1.209199
2.13443623886876E-07,-0.1608582,1.192748
2.13638403905491E-07,-0.5046397,1.130699
2.13871876958779E-07,-0.840728,1.007077
2.14164293639269E-07,-1.122147,0.8055909
2.14431985233014E-07,-1.22647,0.5989182
2.14658052816714E-07,-1.184036,0.4244712
2.14849735420928E-07,-1.05224,0.290675
2.15045149211566E-07,-0.8394842,0.1781437
2.15240020473386E-07,-0.5665736,0.09781413
2.15467362829949E-07,-0.1992212,0.04774792
2.15675962309534E-07,0.1582195,0.04529803
2.15891684508644E-07,0.5239849,0.08659171
2.16075764304667E-07,0.8132451,0.1540635
2.16247671086784E-07,1.048326,0.241861
2.16421404458132E-07,1.238047,0.3496508
2.1662979444494E-07,1.391816,0.4947315
2.16876327916543E-07,1.466163,0.6735915
2.17160674868404E-07,1.410177,0.8693679
2.17482394283991E-07,1.186829,1.050774
2.1785794768928E-07,0.7827387,1.191971
2.18132188597295E-07,0.4313727,1.237317
2.18339148270316E-07,0.1582936,1.230743
2.18544906433015E-07,-0.09397219,1.192608
2.18752247511376E-07,-0.3112831,1.129573
2.18970515476652E-07,-0.4810016,1.043346
2.19264512194617E-07,-0.6052577,0.9127635
2.19586953973346E-07,-0.6036923,0.7748485
2.19984685976606E-07,-0.4399479,0.6361542
2.20256887118861E-07,-0.2458824,0.5750455
2.20467781806269E-07,-0.05785451,0.5569475
2.20668791579189E-07,0.1319792,0.564544
2.20873001613048E-07,0.3178619,0.5958433
2.21139205189595E-07,0.5328991,0.6637595
2.21366564038553E-07,0.678599,0.7400649
2.21600541171808E-07,0.7789853,0.8309687
2.21822097333727E-07,0.8184773,0.9199743
2.22145653147643E-07,0.7877859,1.040415
2.22501995144006E-07,0.6656809,1.146818
2.22823263888053E-07,0.4962779,1.208833
2.23093297999502E-07,0.3310599,1.230339
2.23330331970969E-07,0.1872189,1.225842
2.2353428061907E-07,0.07678969,1.206305
2.23735377245014E-07,-0.01143651,1.175777
2.23936649982555E-07,-0.07383986,1.137895
2.24149572913804E-07,-0.1086075,1.094052
2.24365897391538E-07,-0.1097781,1.050119
2.24605592257137E-07,-0.07359782,1.007167
2.24849139846009E-07,-0.00301982,0.9742782
2.25097864570457E-07,0.09552662,0.9553078
2.25324174781344E-07,0.1991763,0.9540814
2.25611863548443E-07,0.3333892,0.9743735
2.25920702427525E-07,0.4630843,1.017478
2.26182286901686E-07,0.5498692,1.068245
2.26388356848549E-07,0.5953886,1.115103
2.26582390245663E-07,0.6161102,1.16173
2.26778835257779E-07,0.6153757,1.208351
2.26986575344427E-07,0.5908793,1.253577
2.27284118121604E-07,0.5231492,1.306623
2.27638445432247E-07,0.4131352,1.349619
2.27963593321217E-07,0.2999561,1.367373
2.28254493316942E-07,0.2028624,1.365422
2.28480507891972E-07,0.1391634,1.353679
2.28667354865849E-07,0.1000328,1.338473
2.28875251189069E-07,0.07285137,1.318318
2.29064349473311E-07,0.06508896,1.29931
2.29337635638436E-07,0.08073249,1.274329
2.29632951933339E-07,0.1259341,1.254819
2.29967011508165E-07,0.2039547,1.246751
2.30327672505289E-07,0.3026817,1.25713
2.30703158166126E-07,0.4041293,1.286716
2.30928963564489E-07,0.4563458,1.313258
2.31126980215539E-07,0.4908931,1.341471
2.3132831123284E-07,0.5130207,1.372405
2.31581298243873E-07,0.5219487,1.411549
2.31887059700903E-07,0.5075736,1.455195
2.32258625876886E-07,0.460996,1.497387
2.32726551685091E-07,0.3788842,1.531341
2.33098874367298E-07,0.3094932,1.54293
2.33328057338808E-07,0.2717215,1.542417
2.3353096015217E-07,0.2463146,1.537838
2.33749620906462E-07,0.2286968,1.530709
2.33959073056273E-07,0.2228608,1.52331
2.34257736359746E-07,0.2319145,1.514427
2.3458872917661E-07,0.2610099,1.510438
2.35042153249136E-07,0.3203424,1.518464
2.35543071083926E-07,0.3922826,1.543407
2.35817647262756E-07,0.4275664,1.564535
2.36021425292105E-07,0.4474063,1.58375
2.36224575780385E-07,0.4602764,1.60433
2.36430050423138E-07,0.4658792,1.625429
2.36678054186687E-07,0.4628512,1.649834
2.36995213644373E-07,0.4464294,1.677333
2.37391052157979E-07,0.4135764,1.703862
2.37833878857659E-07,0.3706704,1.723715
2.38090530967495E-07,0.3470325,1.73012
2.38294701932908E-07,0.3316662,1.732299
2.38488549335986E-07,0.3212715,1.732893
2.386897213465E-07,0.3152857,1.732722
2.3889314911379E-07,0.3146265,1.732433
2.39142551744442E-07,0.3210011,1.732949
2.39455220134973E-07,0.3378758,1.736374
2.39849708639837E-07,0.3677844,1.746275
2.40252932786248E-07,0.402124,1.762711
2.40493538696224E-07,0.4217793,1.775874
2.40690733503511E-07,0.4355556,1.788624
2.40881800411252E-07,0.4459705,1.802049
2.41080258832668E-07,0.4533506,1.816603
2.41280791893893E-07,0.456845,1.831445
2.41533445616476E-07,0.4557379,1.849567
2.41840911886297E-07,0.4476069,1.869671
2.42228743827372E-07,0.4304043,1.89076
2.42693503589552E-07,0.4059347,1.910267
2.42943982233743E-07,0.393279,1.917961
2.43144469498977E-07,0.3849471,1.922458
2.43340753903465E-07,0.3791052,1.925996
2.43541704381731E-07,0.3758283,1.929136
2.43759773271059E-07,0.3757209,1.932455
2.44055015393438E-07,0.3806838,1.937573
2.44393739817016E-07,0.3920878,1.945365
2.44841933295823E-07,0.4125519,1.959161
2.45118171115825E-07,0.4263473,1.969974
2.45360804924083E-07,0.43795,1.981233
2.45571754671506E-07,0.4466479,1.992018
2.45771672824173E-07,0.4530962,2.002869
2.45994577004886E-07,0.4580158,2.015335
2.462003588534E-07,0.4601257,2.026857
2.46491251052448E-07,0.4593986,2.042628
2.46814470074281E-07,0.4546329,2.058714
2.47262734583041E-07,0.4440053,2.078311
2.47546497595746E-07,0.4363196,2.088877
2.47785386935886E-07,0.4301545,2.096406
2.47993202847016E-07,0.4257556,2.102165
2.4819229258249E-07,0.42282,2.107163
2.48415691114795E-07,0.4211712,2.112434
2.4862159347642E-07,0.4214298,2.117213
2.48913486804111E-07,0.4245324,2.124263
2.49236926688958E-07,0.4308925,2.132996
2.4968390049877E-07,0.442656,2.146932
2.50009358236641E-07,0.4520074,2.158545
2.50244672640424E-07,0.4584736,2.167873
2.5045759480086E-07,0.4635309,2.176867
2.50654807879122E-07,0.4672677,2.185502
2.50856428354374E-07,0.4699925,2.194488
2.51060740835076E-07,0.4715376,2.203597
2.51300547839323E-07,0.471797,2.214069
2.51610755652614E-07,0.47013,2.226959
2.51993708405829E-07,0.466112,2.241577
2.52407588921537E-07,0.4607602,2.255814
2.526501204318E-07,0.4577417,2.263327
2.52851481249163E-07,0.4557285,2.269053
2.5304660418246E-07,0.454433,2.27431
2.5324983407684E-07,0.4538667,2.2796
2.53453225531997E-07,0.4542317,2.284822
2.53742394393792E-07,0.4562137,2.292343
2.54064820892457E-07,0.4600562,2.301156
2.54497662211067E-07,0.4668938,2.313942
2.54897786610274E-07,0.4738062,2.326741
2.55145243223065E-07,0.4778952,2.33519
2.5535270056526E-07,0.4808685,2.342572
2.55548862374349E-07,0.4831427,2.349697
2.55750623619607E-07,0.4848717,2.357086
2.55954646811702E-07,0.4859436,2.364532
2.56199394463731E-07,0.486353,2.373308
2.5651062389665E-07,0.4857744,2.384051
2.56901171386038E-07,0.4839824,2.396786
2.5723701945639E-07,0.4820021,2.407033
2.57470974433194E-07,0.4806567,2.413727
2.57676314265724E-07,0.4797212,2.419312
2.57875905372146E-07,0.4791588,2.424549
2.58081733111693E-07,0.4790189,2.429816
2.58310698492619E-07,0.4794577,2.435597
2.58611909766438E-07,0.4809133,2.443223
2.5895887125955E-07,0.4835963,2.452224
2.59405290073568E-07,0.4879918,2.464285
2.59773362871317E-07,0.4918929,2.474674
2.60021087774194E-07,0.4943969,2.481924
2.60246261875144E-07,0.4963822,2.488662
2.60458736587041E-07,0.497916,2.495085
2.60662336324378E-07,0.4990286,2.501252
2.60868986971981E-07,0.4997874,2.507476
2.61077052855226E-07,0.5001631,2.513649
2.61374981546421E-07,0.50016,2.522252
2.61728903506427E-07,0.4996541,2.532087
2.62053542073653E-07,0.4989386,2.540713
2.62290781325341E-07,0.4984109,2.546749
2.62500843519007E-07,0.4980601,2.551907
2.62704747570369E-07,0.4979006,2.556782
2.62911955253228E-07,0.4979826,2.561635
2.63173807408496E-07,0.498466,2.567686
2.63483069609434E-07,0.4995491,2.574806
2.63858908044067E-07,0.5014766,2.583541
2.64313342870906E-07,0.5043086,2.594307
2.64667564330074E-07,0.506631,2.602885
2.64932724357751E-07,0.5082656,2.609421
2.65182940656925E-07,0.5095958,2.615646
2.65425400792468E-07,0.5106393,2.621687
2.65635877218378E-07,0.5113213,2.626908
2.65840396882616E-07,0.5117748,2.631933
2.66045386467588E-07,0.5120397,2.636899
2.66261693655607E-07,0.5121337,2.642027
2.6658444093855E-07,0.5120566,2.649471
2.66881193907994E-07,0.5118759,2.656104
2.67126825883586E-07,0.5117158,2.661421
2.67346562019113E-07,0.5116327,2.666046
2.67568689775761E-07,0.5116671,2.670612
2.67856338730079E-07,0.5119267,2.67641
2.68173297623201E-07,0.5125104,2.682707
2.68557509461592E-07,0.5136027,2.690291
2.68991591713072E-07,0.5151716,2.698881
2.69602059158296E-07,0.5175528,2.711045
2.69931126250336E-07,0.518747,2.717635
2.70201619696466E-07,0.5195608,2.723049
2.70478987630127E-07,0.5201954,2.728559
2.70757500551884E-07,0.5206316,2.734018
2.710275030484E-07,0.5208728,2.73921
2.71315024170386E-07,0.5209728,2.744606
2.71611240387563E-07,0.5209708,2.750014
2.71892866667613E-07,0.5209314,2.755001
2.72209253032142E-07,0.5209225,2.760431
2.72560371928452E-07,0.5210333,2.766282
2.7292568120886E-07,0.5213414,2.772216
2.73333854695715E-07,0.5219314,2.778719
2.73789732399324E-07,0.522818,2.785891
2.74375470097956E-07,0.5240907,2.795036
2.74713426301723E-07,0.5247868,2.800275
2.75057705125373E-07,0.5253698,2.805555
2.75418324540782E-07,0.5258015,2.810996
2.75801186791417E-07,0.5260538,2.816633
2.76206306942252E-07,0.5261278,2.822398
2.76655724336915E-07,0.5260726,2.828545
2.77038766287145E-07,0.525995,2.833567
2.77428567405598E-07,0.5259691,2.838468
2.77880327098539E-07,0.5260692,2.843941
2.78356033400159E-07,0.5263337,2.84952
2.78902110961791E-07,0.5267628,2.855734
2.79609494897713E-07,0.5273259,2.863568
2.80027622702049E-07,0.5275643,2.868066
2.80427573131575E-07,0.5276436,2.872214
2.80915216773404E-07,0.5275568,2.877055
2.81429666829882E-07,0.5273094,2.881859
2.82143574295009E-07,0.5268643,2.888065
2.82662652896549E-07,0.5265688,2.892256
2.831984358485E-07,0.5263513,2.896277
2.83805192635851E-07,0.5261856,2.900544
2.84525235207374E-07,0.5259909,2.905302
2.85019197290308E-07,0.5257794,2.908355
2.85509251716698E-07,0.5254326,2.911141
2.86195484490598E-07,0.5247539,2.914668
2.86818670025631E-07,0.5240117,2.917483
2.87466171328182E-07,0.5231884,2.919985
2.88065614171195E-07,0.5224476,2.921925
2.88845481932829E-07,0.5215205,2.923986
2.89586455486218E-07,0.5206116,2.925533
2.90254235739234E-07,0.5196908,2.926546
2.90897356362447E-07,0.5186542,2.927123
2.91722669358089E-07,0.517145,2.927286
2.9260768138359E-07,0.515413,2.926827
2.93289957554795E-07,0.5140467,2.925971
2.94141459199634E-07,0.5123155,2.924297
2.95059488992488E-07,0.510366,2.921889
2.95837927347354E-07,0.5085773,2.919296
2.96715617308496E-07,0.5063818,2.9157
2.97696962107474E-07,0.5037766,2.910917
2.98582096890644E-07,0.5013437,2.90588
2.99614875222137E-07,0.498419,2.899147
3.0073164323805E-07,0.4951141,2.89096
3.01733160937159E-07,0.4919592,2.882704
3.03087689488619E-07,0.4874356,2.870197
3.04441144088296E-07,0.4827197,2.856312
3.05805317010443E-07,0.4777704,2.840842
3.07258934728174E-07,0.4722419,2.822809
3.08660543739797E-07,0.4666397,2.803884
3.1020265497329E-07,0.4602174,2.781337
3.11764422826234E-07,0.4534784,2.75675
3.13443095749333E-07,0.4459444,2.728388
3.15198794725157E-07,0.4377422,2.69666
3.17009515782816E-07,0.4289784,2.661738
3.21009515782818E-07,0.4086433,2.577311
0.000000323,0.3682078,2.569301
3.23559577280071E-07,0.2889379,2.633597
3.23867056034457E-07,0.1601142,2.719047
3.24153069976008E-07,-0.04898454,2.810094
3.24416483173214E-07,-0.302868,2.876503
3.24571409696624E-07,-0.4747805,2.900054
3.24690146953182E-07,-0.6148085,2.906739
3.24762525486884E-07,-0.7013481,2.905027
3.24855242932598E-07,-0.8108869,2.895148
0.000000325,-0.9725958,2.861885
3.25199257063395E-07,-1.168088,2.779289
3.25359743668141E-07,-1.291888,2.678822
3.25462208272674E-07,-1.34578,2.596234
3.25528638637948E-07,-1.366388,2.534875
3.25573398370053E-07,-1.373068,2.490119
3.25604762978066E-07,-1.374045,2.456951
3.25628412354245E-07,-1.372621,2.430669
3.25649799859551E-07,-1.36958,2.405438
3.25675459164507E-07,-1.363751,2.372691
3.25702742853263E-07,-1.354856,2.334389
3.25732219962517E-07,-1.341649,2.288607
3.25765836459005E-07,-1.32135,2.23116
3.2580892138916E-07,-1.286402,2.151007
3.25864473551924E-07,-1.225744,2.039702
3.25934405095824E-07,-1.125036,1.890455
3.26001364606724E-07,-1.005174,1.740632
3.26035199793726E-07,-0.9342594,1.662447
3.26078332483047E-07,-0.8296801,1.559948
3.2610307853874E-07,-0.7635056,1.500144
3.26134297962555E-07,-0.6738655,1.424017
3.26169427747179E-07,-0.5646672,1.337834
3.26214561429604E-07,-0.4111351,1.226973
3.26271086819496E-07,-0.1979956,1.089279
3.26346811709528E-07,0.123781,0.9098531
3.26451418468449E-07,0.6340288,0.6794072
3.26609522023796E-07,1.515653,0.3774512
3.26760124383114E-07,2.454277,0.1544753
3.26902124601502E-07,3.411747,0.02061362
3.27042598104676E-07,4.395929,-0.03108105
3.27185776783177E-07,5.399331,0.0021748
3.27364348398181E-07,6.601544,0.1478364
3.27550400756444E-07,7.74931,0.3929727
3.27738218882168E-07,8.754807,0.7069016
3.27928595277971E-07,9.58394,1.047884
3.28152874905258E-07,10.32341,1.411004
3.28408108801559E-07,10.93039,1.698683
3.28677404027312E-07,11.43262,1.781678
3.29020053862081E-07,12.11686,1.57116
3.29316048974585E-07,12.92487,1.175693
3.29522655791876E-07,13.7012,0.8256975
3.29684232096732E-07,14.46438,0.5573636
3.29837292630438E-07,15.29892,0.3459476
3.29987313244713E-07,16.19392,0.2022241
3.30151944526109E-07,17.22585,0.1264798
3.30303258892541E-07,18.18352,0.1384234
3.30488091141464E-07,19.31615,0.2485705
3.30692592780858E-07,20.47946,0.4501261
3.30877262746633E-07,21.41324,0.6688078
3.31086752256824E-07,22.3327,0.9090436
3.31262027465508E-07,23.00375,1.064395
3.31430726559265E-07,23.5853,1.144439
3.3159804013196E-07,24.14383,1.136792
3.31832206244171E-07,24.95561,1.01032
3.3197882658861E-07,25.51326,0.8740677
3.32115280023679E-07,26.09651,0.7134211
3.32267249346625E-07,26.82423,0.5279024
3.32446726077486E-07,27.77253,0.3270706
3.32584263000061E-07,28.55653,0.2038144
3.32701964837504E-07,29.26213,0.1340667
3.32819056496701E-07,29.98083,0.1032759
3.3293868498236E-07,30.717,0.1125072
3.33074365064994E-07,31.53938,0.1653473
3.33186024225942E-07,32.19598,0.2367023
3.33285351662907E-07,32.75629,0.3169274
3.33385915800101E-07,33.2967,0.4049265
3.3349916075491E-07,33.87353,0.4990691
3.33626178134418E-07,34.48772,0.5804877
3.33757638887413E-07,35.10039,0.6172313
3.33885267220375E-07,35.69302,0.5884106
3.34031452491142E-07,36.39175,0.4856543
3.34116403400008E-07,36.81871,0.3966973
3.3418867118488E-07,37.20234,0.306988
3.34256653679196E-07,37.58072,0.2198136
3.34325023861026E-07,37.97789,0.1356932
3.34394127450837E-07,38.39468,0.05986508
3.34463589244396E-07,38.82683,-0.002103904
3.34533458402629E-07,39.27158,-0.04616178
3.3460188480809E-07,39.71305,-0.06653804
3.34700273721433E-07,40.348,-0.05684334
3.34818681220432E-07,41.10048,0.001370399
3.3491283054961E-07,41.68031,0.07942131
3.34998405012985E-07,42.18472,0.1690241
3.35085080835185E-07,42.67059,0.2655654
3.35178356783443E-07,43.16543,0.3616914
3.35291915112985E-07,43.73641,0.4503618
3.35417002537521E-07,44.34147,0.4938237
3.3556567474206E-07,45.05744,0.4619499
3.35730536884623E-07,45.87644,0.344316
3.35820883431938E-07,46.34982,0.2506958
3.35896718125094E-07,46.76985,0.1634689
3.35975003579124E-07,47.22227,0.07829586
3.36039245887669E-07,47.60617,0.01829806
3.36100478276844E-07,47.9814,-0.02567004
3.36161767284187E-07,48.36304,-0.05413366
3.3622473317792E-07,48.75827,-0.06555618
3.36291159480171E-07,49.17435,-0.05598449
3.36387682260611E-07,49.77096,-0.01067882
3.36472215196404E-07,50.27988,0.05298917
3.36558632100469E-07,50.78051,0.1355986
3.36646685394638E-07,51.2691,0.2261421
3.3671724516384E-07,51.64452,0.2961979
3.36772742694043E-07,51.92926,0.3449612
3.36825086607023E-07,52.19043,0.3824878
3.36877577798047E-07,52.44703,0.4101786
3.36928025343195E-07,52.69011,0.4254495
3.36989814026649E-07,52.98594,0.4272794
3.37071290247936E-07,53.37794,0.4048145
3.37155343405217E-07,53.79084,0.3549021
3.37255625305866E-07,54.30172,0.2687585
3.37353554446045E-07,54.82297,0.170802
3.37429294417591E-07,55.24356,0.09423154
3.37488378399564E-07,55.58315,0.0403379
3.37546183545996E-07,55.92368,-0.00278676
3.3760420551954E-07,56.27132,-0.03401042
3.37662754063564E-07,56.62574,-0.04985976
3.37746716000577E-07,57.13406,-0.04463323
3.37857237549114E-07,57.79515,-0.0005573487
3.37940621976779E-07,58.28096,0.05722462
3.38028135591363E-07,58.77203,0.1343103
3.38113509440463E-07,59.23243,0.2133941
3.38178727605099E-07,59.57082,0.2697831
3.38241433065905E-07,59.88564,0.3150176
3.38304292112337E-07,60.19335,0.3468542
3.38383885916998E-07,60.57662,0.3634276
3.38488327994963E-07,61.07772,0.3508968
3.38562995825895E-07,61.43963,0.3186302
3.38623671663449E-07,61.73971,0.2773092
3.38677946240856E-07,62.01471,0.2322351
3.3873034764534E-07,62.28704,0.1845561
3.38783579646633E-07,62.57129,0.1352614
3.38851399863048E-07,62.94331,0.07568222
3.38914347915028E-07,63.29705,0.02732559
3.38970635493464E-07,63.61975,-0.006597044
3.39027122955755E-07,63.94796,-0.02925026
3.39084557990009E-07,64.28395,-0.03937241
3.39144265109612E-07,64.63332,-0.03571501
3.39205114586552E-07,64.98676,-0.01733816
3.39276127117798E-07,65.39285,0.01993034
3.39350307435543E-07,65.80708,0.07195963
3.39424422141029E-07,66.20809,0.1317479
3.39505685302099E-07,66.63156,0.1973022
3.39602908742467E-07,67.11877,0.2632096
3.39708152721644E-07,67.62901,0.3059305
3.39829276356573E-07,68.2075,0.3073969
3.39973942180307E-07,68.90369,0.2544314
3.40051378812416E-07,69.28625,0.2044674
3.40123789670687E-07,69.65581,0.1472803
3.40189822725247E-07,70.00248,0.09470409
3.4024679941826E-07,70.30901,0.0531159
3.40302444105943E-07,70.61427,0.01920446
3.40358887268597E-07,70.92831,-0.00626872
3.40413721988336E-07,71.23613,-0.0207231
3.40471122840132E-07,71.55918,-0.022895
3.40552894883773E-07,72.01706,-0.006488726
3.40628515437636E-07,72.4348,0.02554783
3.406978544062E-07,72.80962,0.06752694
3.40768704074275E-07,73.1823,0.1176733
3.40840941248118E-07,73.55042,0.1697063
3.40928974143931E-07,73.98425,0.2254021
3.41023485745991E-07,74.43618,0.2658225
3.41135291199883E-07,74.96101,0.2786025
3.41263731684426E-07,75.56387,0.2508135
3.41350400469259E-07,75.97765,0.208419
3.41423886164988E-07,76.33768,0.1602692
3.41490268155313E-07,76.67147,0.1136823
3.41550723955852E-07,76.98254,0.07295884
3.41604400102658E-07,77.26402,0.04118621
3.41657216913794E-07,77.54506,0.0162442
3.41710203817436E-07,77.82984,-0.001005967
3.41763565557129E-07,78.11823,-0.009626993
3.4181509774099E-07,78.39672,-0.0082376
3.4188962935469E-07,78.79692,0.008423332
3.41963640155382E-07,79.18893,0.03834927
3.42033812852767E-07,79.55293,0.07693012
3.42105594838118E-07,79.91537,0.12175
3.42190803291777E-07,80.33259,0.1738299
3.42282813546492E-07,80.76927,0.2191365
3.42388943738122E-07,81.26044,0.2472055
3.4250740805421E-07,81.80331,0.24301
3.42629477781932E-07,82.36751,0.2036713
3.42725094256716E-07,82.81934,0.1539551
3.42798962756158E-07,83.1778,0.1095759
3.42864609813325E-07,83.50388,0.07134817
3.42922877437469E-07,83.7986,0.04207007
3.42979721441945E-07,84.08997,0.0202428
3.43036472501753E-07,84.3833,0.006410938
3.43088376060905E-07,84.65257,0.00152346
3.43136755727101E-07,84.90315,0.004940827
3.43210296824876E-07,85.28129,0.02212308
3.4327948596926E-07,85.63237,0.04834874
3.43345191349246E-07,85.9593,0.08081991
3.43418288229479E-07,86.3143,0.1208516
3.43499679389401E-07,86.69891,0.1636444
3.4359117458951E-07,87.11954,0.2016873
3.43692922415921E-07,87.57738,0.2232905
3.43811919440541E-07,88.10928,0.2157623
3.43964016916173E-07,88.79533,0.1686928
3.44039684345432E-07,89.14351,0.1332516
3.44095171001365E-07,89.40451,0.1036691
3.4414880137547E-07,89.66113,0.07616026
3.44203131197225E-07,89.92483,0.05168489
3.44262709124286E-07,90.21738,0.03060695
3.44321909233318E-07,90.51041,0.0170158
3.44379617482616E-07,90.79708,0.01208504
3.44440588273339E-07,91.09922,0.0167719
3.44525065785209E-07,91.51437,0.03634295
3.44592200930501E-07,91.83975,0.06047856
3.4465062298926E-07,92.11784,0.08670572
3.4471049516877E-07,92.39714,0.1156264
3.44780286167993E-07,92.71561,0.1479177
3.44863081887764E-07,93.08496,0.1792223
3.449580187744E-07,93.50032,0.2000269
3.45069772809076E-07,93.98501,0.1988001
3.4522109473027E-07,94.64423,0.1641516
3.45296791493841E-07,94.97896,0.1351928
3.45350924332214E-07,95.22269,0.1103028
3.45401179389501E-07,95.45234,0.0871789
3.45452032655381E-07,95.68767,0.06553937
3.455034955946E-07,95.92841,0.04684889
3.45557103496978E-07,96.1814,0.03256447
3.45630345658029E-07,96.52892,0.02217494
3.45700199462113E-07,96.86024,0.02293453
3.45788274533607E-07,97.27529,0.03760536
3.45860100975763E-07,97.60922,0.05885964
3.45936035743359E-07,97.95567,0.08804148
3.46010306952665E-07,98.28701,0.1184386
3.46100803348988E-07,98.68111,0.1517645
3.46196394094113E-07,99.08837,0.1755683
3.46312137282739E-07,99.57467,0.1822672
3.46450691626729E-07,100.1559,0.1633187
3.46523756594051E-07,100.4654,0.1419256
3.46599772197005E-07,100.7926,0.1128895
3.46672797127878E-07,101.1121,0.08424284
3.46740927225843E-07,101.4145,0.06002237
3.46804596611362E-07,101.7004,0.04215426
3.46867151427903E-07,101.9833,0.03101687
3.46933686927608E-07,102.285,0.0273427
3.47009023651816E-07,102.6254,0.03317363
3.47089689865559E-07,102.9861,0.04970613
3.47180045148395E-07,103.3831,0.07710894
3.47278832787021E-07,103.8072,0.1110978
3.47378470495244E-07,104.2241,0.1417871
3.47486215306368E-07,104.6652,0.1625222
3.47603357449301E-07,105.1391,0.1641008
3.47749681950025E-07,105.7315,0.1407762
3.47827408805952E-07,106.0499,0.1188219
3.47906816616736E-07,106.3803,0.09195417
3.47986014653703E-07,106.7148,0.06662471
3.4806183302984E-07,107.0389,0.04725887
3.48136385911463E-07,107.36,0.03574901
3.48216425998648E-07,107.7054,0.03326125
3.48300660836635E-07,108.0671,0.04137375
3.48385427136964E-07,108.4267,0.05899739
3.48474415228132E-07,108.7972,0.08395844
3.4857955297306E-07,109.225,0.1148799
3.48678848898624E-07,109.6198,0.1382279
3.48794074086468E-07,110.0698,0.1509952
3.48916557220655E-07,110.5451,0.1447019
3.49058877570503E-07,111.1003,0.11723
3.49150230681664E-07,111.4614,0.09234767
3.4922843841907E-07,111.7754,0.070198
3.4930664925237E-07,112.0931,0.05190246
3.49387539716873E-07,112.4241,0.04003197
3.49473593988373E-07,112.7769,0.03709462
3.4956584145807E-07,113.1531,0.04473388
3.49651272069344E-07,113.4974,0.06037881
3.49743520756221E-07,113.8623,0.08295427
3.49853294609663E-07,114.2871,0.1102793
3.49956965861429E-07,114.6796,0.129614
3.50077310701842E-07,115.1282,0.1376527
3.50207416864447E-07,115.6107,0.1286028
3.50310542084464E-07,115.995,0.1098629
3.50388827185105E-07,116.2899,0.09079621
3.5046533163055E-07,116.5815,0.07167087
3.50544207073826E-07,116.8853,0.05483704
3.50624651517223E-07,117.1973,0.04332691
3.50709939710526E-07,117.5288,0.03925846
3.50802479464344E-07,117.8871,0.044243
3.50885397090255E-07,118.2049,0.05618455
3.50973379756559E-07,118.5366,0.07419706
3.51080011560928E-07,118.9307,0.09755333
3.51179826427641E-07,119.2922,0.1152787
3.51297467077772E-07,119.7111,0.1252147
3.51423279325077E-07,120.156,0.1206304
3.51553892075154E-07,120.6188,0.1020183
3.51637264765182E-07,120.9169,0.0849901
3.51711209341864E-07,121.1842,0.06896351
3.51787615357391E-07,121.4628,0.05469155
3.51866963403036E-07,121.7539,0.04454443
3.51951049269357E-07,122.0629,0.04057394
3.52041812648375E-07,122.3951,0.04426115
3.52127335339968E-07,122.7051,0.05451652
3.52216894896641E-07,123.0247,0.07011677
3.52325302480858E-07,123.4044,0.09049825
3.52426059452177E-07,123.7505,0.1058023
3.52545215927523E-07,124.1532,0.1141518
3.52672814248158E-07,124.5814,0.1097087
3.52800485043847E-07,125.0104,0.09361603
3.52885132516333E-07,125.2971,0.07856257
3.52962565187685E-07,125.5617,0.0642225
3.53044402043001E-07,125.8436,0.05173391
3.53138220173715E-07,126.1682,0.04298329
3.53226925040528E-07,126.4747,0.04201262
3.5334651260263E-07,126.8848,0.05058376
3.5343758673649E-07,127.1929,0.06275915
3.53534538291832E-07,127.5149,0.07842822
3.53648541454984E-07,127.8863,0.09459005
3.53761082810552E-07,128.2469,0.103216
3.53896836544019E-07,128.6777,0.1005767
3.54062069732933E-07,129.2023,0.08335939
3.54159660286989E-07,129.5141,0.06863408
3.54241694778927E-07,129.7786,0.05619266
3.54331329392176E-07,130.0692,0.04620652
3.54430767319828E-07,130.392,0.04159238
3.54540031978652E-07,130.7448,0.04491198
3.54655568761925E-07,131.1134,0.05614435
3.54761440430738E-07,131.4452,0.07026861
3.54874189456304E-07,131.7916,0.08452117
3.54993304192442E-07,132.1512,0.09354836
3.5512220645931E-07,132.5361,0.0928184
3.55283284587736E-07,133.016,0.0796531
3.55375767637613E-07,133.2927,0.0678412
3.55459590883718E-07,133.5453,0.05643446
3.55553467649691E-07,133.8296,0.04649587
3.55660377172209E-07,134.1539,0.04098285
3.55767367635017E-07,134.4765,0.04310506
3.55919399331511E-07,134.9288,0.05564724
3.56042154015025E-07,135.2869,0.06931276
3.56159895585065E-07,135.6232,0.08074754
3.56284336479029E-07,135.9729,0.08597448
3.56419923325656E-07,136.3506,0.08192685
3.56559498243388E-07,136.7392,0.06952009
3.56656288170688E-07,137.01,0.05824615
3.5674668368396E-07,137.2643,0.04844496
3.56848476478413E-07,137.5514,0.0412289
3.56956614616854E-07,137.8556,0.03966564
3.5708113239984E-07,138.2031,0.04504186
3.5717469570303E-07,138.4606,0.05308225
3.57275372635115E-07,138.7327,0.06328311
3.57403786773803E-07,139.0735,0.07391729
3.5752311612873E-07,139.3853,0.07785884
3.57671786548177E-07,139.7702,0.07337564
3.57808416060429E-07,140.1236,0.06249168
3.57904957697368E-07,140.3741,0.05269538
3.57996754721092E-07,140.6133,0.04448118
3.5811188296671E-07,140.9136,0.03835203
3.58217529023771E-07,141.1877,0.03831064
3.58363035227675E-07,141.561,0.04563856
3.58471288591868E-07,141.834,0.05432398
3.58581540158309E-07,142.1066,0.06326202
3.58708975349829E-07,142.4161,0.06958727
3.58840248853476E-07,142.731,0.06907973
3.59010250550931E-07,143.1365,0.05983286
3.59105319643385E-07,143.3634,0.05189406
3.59192545058047E-07,143.5723,0.0443527
3.59293052058695E-07,143.8132,0.03802169
3.59404939191165E-07,144.0806,0.0354728
3.59530788333616E-07,144.3789,0.03828504
3.59637727354866E-07,144.6288,0.04453651
3.59742663985401E-07,144.8697,0.05229512
3.5986246274367E-07,145.1396,0.0597758
3.59989353123668E-07,145.4207,0.06316248
3.60134334874401E-07,145.7384,0.06016191
3.60279559717281E-07,146.0554,0.05156983
3.60380200571171E-07,146.2752,0.04396588
3.60475908738985E-07,146.4845,0.03767313
3.60595667872222E-07,146.7459,0.03330708
3.60708603375744E-07,146.9904,0.03387776
3.60869638719679E-07,147.3337,0.04072523
3.60993397496905E-07,147.5924,0.04806732
3.61115119996115E-07,147.8413,0.0541845
3.6124783689229E-07,148.1079,0.05645074
3.61392754489828E-07,148.3959,0.05308061
3.61516317270875E-07,148.6403,0.04634432
3.61613274559166E-07,148.832,0.03987793
3.61713148054511E-07,149.0294,0.03420721
3.61835367985142E-07,149.2703,0.03045287
3.61951592981844E-07,149.497,0.03113175
3.62117334238023E-07,149.815,0.03740022
3.62245787409774E-07,150.0562,0.043866
3.62370397891067E-07,150.2848,0.04878248
3.62505453684974E-07,150.5282,0.04991188
3.62655813904543E-07,150.7961,0.04603794
3.62757928197516E-07,150.9771,0.0408929
3.62853700879043E-07,151.1467,0.03528658
3.62958716911622E-07,151.3322,0.0302685
3.63082236702524E-07,151.5494,0.02732104
3.63201948138736E-07,151.7574,0.02822088
3.63349975506972E-07,152.0102,0.03324468
3.63472680013131E-07,152.2151,0.03863084
3.63596946955293E-07,152.4178,0.04287219
3.63731829047771E-07,152.6337,0.04389266
3.63883033790931E-07,152.8725,0.04054968
3.6398976793378E-07,153.0399,0.03588933
3.64085233142117E-07,153.1892,0.03103886
3.64189705708054E-07,153.352,0.02671248
3.6431464758496E-07,153.5455,0.02414445
3.64435139756206E-07,153.7296,0.0249254
3.64579943888972E-07,153.9466,0.02914244
3.64701395855501E-07,154.1244,0.03369868
3.64825665795864E-07,154.3018,0.03729532
3.64960725988834E-07,154.4906,0.03810444
3.65112411163393E-07,154.6996,0.03512919
3.65218797655193E-07,154.8448,0.03106886
3.65314432425911E-07,154.9747,0.02683822
3.65419121003929E-07,155.1162,0.02306923
3.65544052044935E-07,155.2836,0.0208332
3.65664845558284E-07,155.443,0.02148299
3.658074661324E-07,155.6272,0.02501837
3.65927930760284E-07,155.7788,0.02886939
3.66051618691204E-07,155.9304,0.03191193
3.66186142196993E-07,156.0914,0.03257336
3.66337016690274E-07,156.2688,0.02998464
3.66444437307082E-07,156.3937,0.02641437
3.66539358854542E-07,156.5033,0.02274838
3.66642583117267E-07,156.6215,0.01947229
3.66766880567285E-07,156.7625,0.0174348
3.66885683851654E-07,156.8948,0.01787111
3.67032387861421E-07,157.0543,0.02089183
3.67153931579365E-07,157.1826,0.02417211
3.67275893571587E-07,157.3075,0.02671849
3.6740926207154E-07,157.4404,0.02726818
3.6755719754095E-07,157.5847,0.02507133
3.67666539367206E-07,157.6899,0.02191648
3.67761015788196E-07,157.7798,0.01872434
3.67861203492747E-07,157.8743,0.01588858
3.67983845265776E-07,157.9884,0.01397266
3.68097874097736E-07,158.0922,0.0141802
3.68263394408407E-07,158.2384,0.0169558
3.68390851431905E-07,158.3472,0.01979448
3.68511062244848E-07,158.4459,0.02181738
3.68642418530265E-07,158.5504,0.02209929
3.68787640048954E-07,158.6631,0.02008444
3.68888993364658E-07,158.7403,0.01749349
3.68981615573629E-07,158.8099,0.01473308
3.6907790927038E-07,158.8813,0.01224692
3.69184653014029E-07,158.9593,0.01055645
3.69296770092536E-07,159.0392,0.01035389
3.6943555004639E-07,159.1352,0.01191944
3.69540384074076E-07,159.2051,0.01391136
3.69645385139847E-07,159.2723,0.01589495
3.69772037551696E-07,159.3502,0.01725846
3.6989497740989E-07,159.423,0.01687944
3.70059568845274E-07,159.5174,0.01419304
3.7015041029234E-07,159.5683,0.01199336
3.70233745975854E-07,159.6141,0.00984156
3.70323916044298E-07,159.6627,0.007979294
3.70431148923226E-07,159.7193,0.006743562
3.70532575911155E-07,159.771,0.006784192
3.70675820468847E-07,159.841,0.008353959
3.70783917759097E-07,159.8912,0.01011469
3.70887869198954E-07,159.9369,0.0116878
3.71003672290547E-07,159.9851,0.0125543
3.71123375057688E-07,160.0324,0.01203578
3.71283228271399E-07,160.0928,0.009608986
3.71373299949926E-07,160.1257,0.00766663
3.71447259164563E-07,160.1518,0.005970075
3.71523984347533E-07,160.1783,0.004472347
3.7160519165771E-07,160.2056,0.003394416
3.71692330046005E-07,160.2338,0.002945342
3.71783278842175E-07,160.2619,0.003226206
3.71859833232639E-07,160.2845,0.00398707
3.71938906841625E-07,160.3064,0.005106033
3.7202899938163E-07,160.3297,0.00643606
3.72123989868356E-07,160.3525,0.007528816
3.7222638763727E-07,160.3752,0.007988837
3.72339944623445E-07,160.3982,0.007390271
3.72492590611729E-07,160.4267,0.005266753
3.72572671412847E-07,160.4406,0.003735244
3.72631094073636E-07,160.4502,0.002520576
3.7268483130605E-07,160.4587,0.001481124
3.72738891628556E-07,160.4669,0.0005901046
3.7279332297381E-07,160.4748,-0.000095463
3.72848476242413E-07,160.4824,-0.0005337498
3.72905305453919E-07,160.4896,-0.0006713992
3.7298697557063E-07,160.4992,-0.0004253953
3.73047942703377E-07,160.5057,0.00004031169
3.73100128469936E-07,160.5106,0.0006197127
3.73153058654104E-07,160.515,0.001297441
3.73201033043526E-07,160.5184,0.001924161
3.7326400385131E-07,160.5222,0.002671198
3.73331782521482E-07,160.5255,0.003267697
3.73414394584407E-07,160.5283,0.003581375
3.73502892256624E-07,160.53,0.003311601
3.73619722644141E-07,160.5308,0.00217588
3.73686191009434E-07,160.5305,0.001191751
3.73744767985068E-07,160.5297,0.0001465749
3.73800926351403E-07,160.5286,-0.0008898061
3.73857655597246E-07,160.5271,-0.001889254
3.7391306844703E-07,160.5253,-0.002748488
3.73971033540246E-07,160.523,-0.003438283
3.74051956656164E-07,160.5188,-0.003982357
3.74151840403674E-07,160.5126,-0.004098059
3.74213334151516E-07,160.508,-0.003851668
3.74268812325928E-07,160.5032,-0.003416791
3.74316816730958E-07,160.4986,-0.002943706
3.74360379783185E-07,160.494,-0.002473184
3.7440438918253E-07,160.4889,-0.001996411
3.74448946690079E-07,160.4834,-0.001552995
3.74504813341513E-07,160.476,-0.001105214
3.74569960404262E-07,160.4666,-0.0007779757
3.7463252386469E-07,160.457,-0.0007092317
3.74694971935635E-07,160.4467,-0.0009466843
3.74789242312154E-07,160.4301,-0.001759693
3.74863620326531E-07,160.4163,-0.002702448
3.74942219277992E-07,160.4009,-0.003908006
3.75018906934692E-07,160.3852,-0.00510533
3.75111599379127E-07,160.3652,-0.006359276
3.75210737596684E-07,160.3425,-0.007235639
3.75334506363888E-07,160.3122,-0.007516996
3.75479603321605E-07,160.2739,-0.006980794
3.75568863589876E-07,160.2486,-0.006322733
3.75645493810146E-07,160.2256,-0.005703705
3.75728088695568E-07,160.1994,-0.005213376
3.75821541482164E-07,160.1685,-0.005032107
3.75917654475115E-07,160.1351,-0.005394658
3.76068006218266E-07,160.0805,-0.006792995
3.76189127568344E-07,160.0346,-0.008312305
3.76308428200709E-07,159.9875,-0.009778895
3.76437047203462E-07,159.9346,-0.01082081
3.76578634755072E-07,159.8736,-0.0110757
3.7674327514508E-07,159.799,-0.01048393
3.76855199615321E-07,159.7458,-0.00982843
3.7696330087385E-07,159.692,-0.009365773
3.77095916686421E-07,159.6234,-0.009413097
3.7723471091892E-07,159.549,-0.01023838
3.77366797151246E-07,159.4758,-0.01159582
3.77496275885902E-07,159.4018,-0.01303049
3.77662157578592E-07,159.304,-0.01435235
3.77815367098448E-07,159.2101,-0.01468031
3.78028844473077E-07,159.0736,-0.01408544
3.78170926364719E-07,158.9789,-0.01356792
3.78316160219172E-07,158.8784,-0.01350937
3.78478272822925E-07,158.7625,-0.01431795
3.78663443205266E-07,158.626,-0.01597315
3.78827105570603E-07,158.5018,-0.01739804
3.79025194730221E-07,158.3466,-0.01828822
3.79218717809364E-07,158.1901,-0.01817754
3.79367738182686E-07,158.0655,-0.01772066
3.7952309356525E-07,157.9315,-0.01753103
3.79717066227401E-07,157.7591,-0.01822355
3.7995901189189E-07,157.5378,-0.02002158
3.80149817845812E-07,157.358,-0.02134827
3.80390479698675E-07,157.1241,-0.022013
3.80621199946889E-07,156.8929,-0.02175598
3.80793423102097E-07,156.7148,-0.02159515
3.81022300666639E-07,156.4711,-0.02226712
3.8125705732052E-07,156.2148,-0.02381048
3.81450909931499E-07,155.9975,-0.02502627
3.81732736467993E-07,155.6728,-0.02574158
3.81990098920966E-07,155.3678,-0.02561706
3.82202659214338E-07,155.1083,-0.02574567
3.82484132738782E-07,154.7546,-0.02695364
3.82814484626869E-07,154.3279,-0.02875607
3.83122034530331E-07,153.9188,-0.0295996
3.83427107830016E-07,153.5011,-0.02964004
3.83677677068798E-07,153.1481,-0.03004714
3.84280846160968E-07,152.2665,-0.03286656
3.84638222630335E-07,151.7228,-0.03353068
3.84998243258025E-07,151.1596,-0.03390397
3.85365169543811E-07,150.5692,-0.03509821
3.85738566688402E-07,149.9522,-0.03668389
3.86114606381676E-07,149.3143,-0.0375137
3.86510323807514E-07,148.6248,-0.03801006
3.86915893930108E-07,147.8991,-0.03925885
3.87335471850055E-07,147.1288,-0.04079374
3.88265969279665E-07,145.3505,-0.04257327
3.88792363010146E-07,144.3031,-0.04427475
3.89283544136727E-07,143.2999,-0.04556609
3.89811465789497E-07,142.1932,-0.04643571
3.90860906677793E-07,139.9065,-0.0493083
3.91631295919857E-07,138.1595,-0.0508008
3.93019131413628E-07,134.8763,-0.05413232
3.93978357968422E-07,132.5047,-0.05597954
3.95757646069884E-07,127.9144,-0.05979465
3.98297393733699E-07,120.9471,-0.06454366
4.01009454494606E-07,113.0819,-0.06912255
4.02493904026782E-07,108.612,-0.07144836
4.04254883162944E-07,103.1936,-0.07392841
4.06254883162945E-07,96.92629,-0.07663747
4.08254883162946E-07,90.57324,-0.07909496
4.10254883162947E-07,84.17147,-0.0815395
4.12254883162948E-07,77.76283,-0.08394767
4.14254883162949E-07,71.3897,-0.08665271
4.1625488316295E-07,65.09529,-0.08979995
4.18254883162951E-07,58.92353,-0.09375375
4.20254883162952E-07,52.91951,-0.09888169
4.22254883162953E-07,47.12895,-0.1054094
4.24254883162954E-07,41.598,-0.1137175
4.26254883162955E-07,36.33307,-0.1238524
4.27377031133803E-07,33.51815,-0.137227
4.27962704454757E-07,32.12278,-0.1586912
4.28444227601417E-07,31.03297,-0.1894338
4.28724928789035E-07,30.42764,-0.2078039
4.28999230400229E-07,29.85829,-0.2205752
4.29250680240433E-07,29.34889,-0.2268434
4.29770475911301E-07,28.32167,-0.2311778
4.30073943699495E-07,27.73567,-0.2339423
4.30380068721284E-07,27.15474,-0.2376744
4.30650058862846E-07,26.65245,-0.2403303
4.31032137478706E-07,25.95491,-0.2412885
4.31389017312046E-07,25.31265,-0.2393625
4.31579417951695E-07,24.97368,-0.2372762
4.31758072440101E-07,24.65821,-0.2350521
4.32011225821439E-07,24.21441,-0.2324012
4.3224467665787E-07,23.80935,-0.2310189
4.32580409540351E-07,23.23504,-0.2308935
4.32899793555039E-07,22.6988,-0.2320552
4.33264354983258E-07,22.10009,-0.2336236
4.33613486823155E-07,21.54007,-0.233866
4.34059789620029E-07,20.84184,-0.2317757
4.34644200345045E-07,19.95133,-0.2273911
4.35269707769974E-07,19.02714,-0.2237652
4.35861513343271E-07,18.18682,-0.2223502
4.3656922031926E-07,17.22599,-0.2209185
4.37173084878521E-07,16.4431,-0.2175865
4.37832441010667E-07,15.62457,-0.2118263
4.38357429327978E-07,14.99914,-0.2072792
4.38933536120004E-07,14.34342,-0.2033057
4.39565281262019E-07,13.65968,-0.1991591
4.40221631928223E-07,12.98684,-0.1935118
4.41634718842933E-07,11.67126,-0.177139
4.42540273071222E-07,10.91233,-0.1668809
4.43298320548981E-07,10.33429,-0.1578812
4.44306197198925E-07,9.641539,-0.144001
4.45161734474887E-07,9.113165,-0.1309926
4.45946275318438E-07,8.683895,-0.1189022
4.46771473886638E-07,8.287155,-0.10611
4.47544321142322E-07,7.966971,-0.09329715
4.48425760337362E-07,7.657928,-0.07757282
4.49155026336608E-07,7.448119,-0.064261
4.49999999999997E-07,7.25186,-0.0566249
4.50228402304351E-07,7.212624,-0.06823438
4.503305459254E-07,7.202951,-0.08352548
4.5041190848875E-07,7.201188,-0.1011664
4.50494362661688E-07,7.205962,-0.1215743
4.50624493982596E-07,7.226346,-0.1555051
4.50785484893899E-07,7.272202,-0.1946526
4.51020623020971E-07,7.371218,-0.2377991
4.51245679050261E-07,7.488832,-0.2528627
4.51536866351359E-07,7.652765,-0.2348343
4.51644592644543E-07,7.709785,-0.2154363
4.5178454741363E-07,7.774907,-0.1777572
4.5186469207099E-07,7.806844,-0.1520504
4.51921643280086E-07,7.825972,-0.1304327
4.51952466391415E-07,7.834519,-0.1151965
4.51999999999998E-07,7.845075,-0.08440263
4.52021581358684E-07,7.848695,-0.06663352
4.5203612424981E-07,7.850329,-0.05205849
4.52048988042506E-07,7.851225,-0.03749821
4.52059762424557E-07,7.851518,-0.0240605
4.52073279064987E-07,7.851315,-0.00577402
4.52083238818231E-07,7.850734,0.008723181
4.52093467532574E-07,7.849559,0.02494253
4.52112547500774E-07,7.845536,0.05916537
4.5215070743717E-07,7.829504,0.1428425
4.52219976578957E-07,7.782035,0.3269704
4.52246350594792E-07,7.756261,0.4091589
4.52272749848103E-07,7.721407,0.5024533
4.52303487907594E-07,7.670627,0.6166543
4.52334225967085E-07,7.609885,0.7304743
4.52364964026575E-07,7.539182,0.8439133
4.52395702086066E-07,7.458517,0.9569714
4.52426440145557E-07,7.367891,1.069649
4.52457178205048E-07,7.267303,1.181945
4.52487916264539E-07,7.156754,1.29386
4.5258726083287E-07,6.734673,1.639595
4.52654474632331E-07,6.395652,1.860732
4.52715851946502E-07,6.051793,2.052232
4.52785389286631E-07,5.622955,2.255128
4.52851652396427E-07,5.178679,2.433107
4.52927397482785E-07,4.631701,2.61648
4.53003441302457E-07,4.0459,2.777564
4.5309021900188E-07,3.338764,2.931288
4.53181169717707E-07,2.56255,3.056173
4.53287426114367E-07,1.623221,3.153164
4.53405226819663E-07,0.5610827,3.197598
4.53548918601386E-07,-0.7311769,3.161922
4.53719950055187E-07,-2.206117,2.994914
4.53945382866748E-07,-3.92858,2.588106
4.54257869793457E-07,-5.79566,1.784011
4.54543631399302E-07,-6.883797,0.8929501
4.54759941835496E-07,-7.188066,0.1671426
4.54970192106459E-07,-7.014,-0.5207787
4.55182134526162E-07,-6.477174,-1.161663
4.55275748584443E-07,-6.12057,-1.415575
4.55354599437753E-07,-5.752152,-1.607001
4.55410493354638E-07,-5.463445,-1.730567
4.55468451113714E-07,-5.140967,-1.846689
4.55531457126112E-07,-4.769197,-1.959985
4.55595579789762E-07,-4.370045,-2.060328
4.5567398139779E-07,-3.856703,-2.160415
4.55783424927377E-07,-3.110461,-2.267079
4.55854514923026E-07,-2.610934,-2.314035
4.55927058252195E-07,-2.09108,-2.338741
4.56010425541863E-07,-1.489448,-2.342116
4.56101419241824E-07,-0.8335724,-2.320023
4.56159238867332E-07,-0.4205174,-2.290644
4.56219385014499E-07,0.002634684,-2.245637
4.56283326331679E-07,0.4429842,-2.184156
4.56354571459549E-07,0.9192896,-2.100141
4.56430283264436E-07,1.406503,-1.994726
4.56500074321274E-07,1.836782,-1.884373
4.56547493073786E-07,2.116074,-1.80179
4.56595050598311E-07,2.383014,-1.712515
4.56650438949992E-07,2.678349,-1.602086
4.56706759077261E-07,2.960434,-1.483346
4.56771362902009E-07,3.259139,-1.339749
4.56847070375808E-07,3.573869,-1.16308
4.56939822364365E-07,3.903622,-0.9368843
4.57062583800924E-07,4.238753,-0.6272572
4.57240308945685E-07,4.530201,-0.1749943
4.57456553154277E-07,4.60563,0.3566019
4.57675015956731E-07,4.380896,0.8422328
4.57903736484607E-07,3.849946,1.258511
4.58161190779913E-07,2.990816,1.591228
4.5840144381111E-07,2.033239,1.75693
4.58636789319136E-07,1.035871,1.778197
4.58842656708081E-07,0.1926875,1.685989
4.59067381215662E-07,-0.6282207,1.485643
4.59275888375839E-07,-1.240165,1.230454
4.59526511640198E-07,-1.744453,0.8706834
4.59771077497873E-07,-1.996675,0.5029863
4.59964732079233E-07,-2.008103,0.2235429
4.60162590775017E-07,-1.851635,-0.02890434
4.60361148938624E-07,-1.557744,-0.2327597
4.60574052112847E-07,-1.126523,-0.382879
4.60805876667219E-07,-0.5761154,-0.464685
4.6099713819352E-07,-0.09540281,-0.4640757
4.61187023384123E-07,0.3707562,-0.4007758
4.61378075722528E-07,0.7915314,-0.2825613
4.61606013795103E-07,1.200277,-0.08822227
4.61818793362706E-07,1.466496,0.1279631
4.62034471084034E-07,1.595314,0.364217
4.62282079343035E-07,1.574196,0.6301742
4.62523907823256E-07,1.394601,0.8607355
4.62770693840174E-07,1.070127,1.042787
4.63041908917135E-07,0.6072475,1.171221
4.63243266635567E-07,0.2238896,1.210188
4.63434351553235E-07,-0.1440626,1.196055
4.63628780007024E-07,-0.4901179,1.136079
4.6385790632317E-07,-0.8252435,1.016692
4.64149059671223E-07,-1.114097,0.8175272
4.6441816098689E-07,-1.2278,0.6099554
4.64645955320169E-07,-1.191845,0.4333398
4.64839442230368E-07,-1.063464,0.2969524
4.65034338902845E-07,-0.8547961,0.182978
4.65228708992567E-07,-0.5851469,0.1005629
4.65449880430743E-07,-0.2293751,0.04887539
4.6566152364858E-07,0.1335504,0.04301932
4.65870105175196E-07,0.4894017,0.07935172
4.66053948019966E-07,0.7821087,0.1438419
4.66226254405201E-07,1.022829,0.2294297
4.6640078050333E-07,1.220232,0.3358705
4.66601382502765E-07,1.377738,0.4743395
4.66846196678434E-07,1.465305,0.6521625
4.67123450908141E-07,1.427489,0.8456813
4.67443038122492E-07,1.223035,1.032559
4.67807800886662E-07,0.8445936,1.180557
4.68083996325743E-07,0.4946124,1.235635
4.68292493580628E-07,0.2174181,1.236143
4.68497576271445E-07,-0.04030417,1.204176
4.68704923366847E-07,-0.267163,1.145924
4.68924572898107E-07,-0.4518865,1.062535
4.69202725215482E-07,-0.5907578,0.940385
4.69520965726994E-07,-0.6163321,0.801039
4.69900851852857E-07,-0.4892476,0.6598689
4.70194976658466E-07,-0.2953334,0.5845903
4.70412090018641E-07,-0.1080127,0.5585214
4.70612887528537E-07,0.080861,0.5599813
4.70818924020024E-07,0.2720848,0.5855342
4.71061572729841E-07,0.4774831,0.6409745
4.71284613665182E-07,0.6342226,0.7110658
4.71505350873242E-07,0.7468638,0.793835
4.71728731527568E-07,0.8088385,0.8836655
4.72011813232004E-07,0.8121938,0.9940398
4.7235470657153E-07,0.7220571,1.105271
4.72791231077299E-07,0.5118718,1.20054
4.73104633081022E-07,0.3254557,1.230387
4.73338336713156E-07,0.1836759,1.226395
4.73536928328107E-07,0.07608826,1.20705
4.73737875197274E-07,-0.01217656,1.176358
4.73938967375549E-07,-0.0746168,1.138386
4.74153808996487E-07,-0.1096607,1.094013
4.74370009641096E-07,-0.1106,1.050005
4.74611201228368E-07,-0.07374372,1.00674
4.74854757316266E-07,-0.002659648,0.9738926
4.7510352855398E-07,0.09641384,0.955047
4.75329616258094E-07,0.200314,0.9539956
4.75617734719607E-07,0.3349857,0.9745859
4.75926620291861E-07,0.4647769,1.01798
4.76187074948625E-07,0.5511196,1.068739
4.76392407629808E-07,0.5963586,1.115564
4.76586488109902E-07,0.6169472,1.1623
4.76782954519547E-07,0.6160136,1.208992
4.76991805627098E-07,0.5911041,1.254485
4.77289747011878E-07,0.5228197,1.30753
4.7764556602482E-07,0.4118317,1.350487
4.7797092061974E-07,0.2983018,1.367969
4.7826121695033E-07,0.2013528,1.36575
4.7848634063347E-07,0.1379902,1.353866
4.78673166658197E-07,0.09897602,1.338539
4.78879507485515E-07,0.07214538,1.318435
4.7906877735272E-07,0.06453273,1.299342
4.79342224372003E-07,0.08044197,1.274295
4.79638264205015E-07,0.1260826,1.254743
4.7997280518135E-07,0.2045669,1.24674
4.80332828670995E-07,0.3033929,1.257249
4.80708536724682E-07,0.4050343,1.287035
4.80934245238126E-07,0.4572169,1.313672
4.81132248935911E-07,0.4916872,1.341967
4.81333498274177E-07,0.5136684,1.372955
4.81587461551502E-07,0.5223889,1.412299
4.81893517017348E-07,0.5076426,1.455979
4.82266275712932E-07,0.4604788,1.498184
4.8273567195513E-07,0.3777346,1.531991
4.83106568389271E-07,0.3085116,1.543302
4.83335209735178E-07,0.2708834,1.542654
4.83538109780366E-07,0.2455654,1.537985
4.83754315866333E-07,0.228258,1.530868
4.83963940002294E-07,0.2225362,1.523418
4.84262850374137E-07,0.2317776,1.514501
4.84594948353018E-07,0.2611949,1.51052
4.85049109964237E-07,0.320875,1.518653
4.85548809609509E-07,0.3927951,1.543677
4.85822787807683E-07,0.4280131,1.564836
4.86026509211084E-07,0.447815,1.584092
4.86229744072401E-07,0.4606333,1.604717
4.86435251592524E-07,0.4661478,1.625844
4.86684549058967E-07,0.4629634,1.650384
4.87002227624437E-07,0.4463149,1.67789
4.87399910387443E-07,0.4130936,1.70449
4.87834148967741E-07,0.3708394,1.723921
4.88088526446799E-07,0.3473016,1.730261
4.88293177614445E-07,0.3317948,1.732456
4.88487089683037E-07,0.3212867,1.73305
4.88688115626125E-07,0.3151957,1.732867
4.88891486829652E-07,0.3144269,1.732551
4.89139256364478E-07,0.3206368,1.733013
4.89451242723863E-07,0.3373556,1.736335
4.89843296932713E-07,0.3670184,1.746081
4.90257590678483E-07,0.4023148,1.762922
4.90501057678147E-07,0.4222068,1.776249
4.90697744545776E-07,0.4359235,1.788998
4.9088875044231E-07,0.4462858,1.802448
4.91087404217171E-07,0.4536064,1.817039
4.91288006796122E-07,0.4570135,1.831898
4.91542596021017E-07,0.4557653,1.850152
4.91850847640583E-07,0.4474462,1.870262
4.92241464126676E-07,0.4299526,1.891452
4.92690730030157E-07,0.4061623,1.910281
4.92938475664444E-07,0.3935604,1.917895
4.93138877276914E-07,0.3851434,1.922412
4.93335080519433E-07,0.3792006,1.92596
4.93536155941666E-07,0.3757992,1.929102
4.93750686085807E-07,0.375553,1.932348
4.94044861805896E-07,0.3803013,1.937389
4.94379749474331E-07,0.3913895,1.944979
4.94824438734339E-07,0.4115817,1.958498
4.95109065475565E-07,0.4258197,1.969534
4.95351218642038E-07,0.4374799,1.980701
4.95562090620601E-07,0.4462739,1.991447
4.95761725297904E-07,0.4528704,2.002258
4.95967099611193E-07,0.4576183,2.013736
4.96173730901525E-07,0.460032,2.025337
4.96449019338824E-07,0.4597977,2.040367
4.96771925340549E-07,0.4554951,2.056688
4.97195320761374E-07,0.4458102,2.075519
4.97545623771264E-07,0.4363573,2.08878
4.97777734981711E-07,0.4303209,2.096196
4.97979510739908E-07,0.4259778,2.10181
4.98177542187523E-07,0.422924,2.106806
4.9838319844758E-07,0.4212151,2.111672
4.98590309752632E-07,0.4212181,2.116462
4.9886441870297E-07,0.4237441,2.123007
4.99186912043595E-07,0.429689,2.131522
4.99606420235252E-07,0.4404204,2.144338
0.0000005,0.4518207,2.157865
